Workbook

Sheet overall_board
A1: overall_rank | B1: player_name | C1: team | D1: inferred_role | E1: adp | F1: adp_gap | G1: tier | H1: final_score | I1: dropoff_to_next | J1: note | K1: player_type | L1: taken
A2: 1 | B2: Shohei Ohtani | C2: LAD | D2: DH | E2: 1.26 | F2: 0.26 | G2: 1 | H2: 17.972 | I2: 0.861 | J2: speed specialist | K2: H
A3: 2 | B3: Aaron Judge | C3: NYY | D3: OF | E3: 1.86 | F3: -0.14 | G3: 2 | H3: 17.111 | I3: 1.186 | J3: power boost | K3: H
A4: 3 | B4: Juan Soto | C4: NYM | D4: OF | E4: 4.68 | F4: 1.68 | G4: 3 | H4: 15.925 | I4: 0.921 | J4: speed specialist | K4: H
A5: 4 | B5: Bobby Witt Jr. | C5: KCR | D5: SS | E5: 3.07 | F5: -0.93 | G5: 4 | H5: 15.005 | I5: 0.447 | J5: speed specialist | K5: H
A6: 5 | B6: Ronald Acuña Jr. | C6: ATL | D6: OF | E6: 5.32 | F6: 0.32 | G6: 4 | H6: 14.558 | I6: 1.543 | J6: speed specialist | K6: H
A7: 6 | B7: Tarik Skubal | C7: DET | D7: SP | E7: 6.91 | F7: 0.91 | G7: 5 | H7: 13.014 | I7: 0.254 | J7: strikeout arm | K7: P
A8: 7 | B8: José Ramírez | C8: CLE | D8: 3B | E8: 6.23 | F8: -0.77 | G8: 5 | H8: 12.761 | I8: 0.116 | J8: speed specialist | K8: H
A9: 8 | B9: Vladimir Guerrero Jr. | C9: TOR | D9: 1B | E9: 18.13 | F9: 10.13 | G9: 5 | H9: 12.645 | I9: 0.175 | J9: power boost | K9: H
A10: 9 | B10: Fernando Tatis Jr. | C10: SDP | D10: OF | E10: 14.06 | F10: 5.06 | G10: 5 | H10: 12.469 | I10: 0.524 | J10: speed specialist | K10: H
A11: 10 | B11: Kyle Tucker | C11: LAD | D11: OF | E11: 13.17 | F11: 3.17 | G11: 5 | H11: 11.945 | I11: 0.077 | J11: speed specialist | K11: H
A12: 11 | B12: Corbin Carroll | C12: ARI | D12: OF | E12: 14.14 | F12: 3.14 | G12: 5 | H12: 11.868 | I12: 0.151 | J12: speed specialist | K12: H
A13: 12 | B13: Julio Rodríguez | C13: SEA | D13: OF | E13: 9.54 | F13: -2.46 | G13: 5 | H13: 11.717 | I13: 0.081 | J13: speed specialist | K13: H
... A492: 491 | B492: Cody Bradford | C492: TEX | D492: P | E492: 999 | F492: 508 | G492: 21 | H492: 2.098 | I492: 0.007 | J492: pitching depth | K492: P
A493: 492 | B493: Luis Garcia | D493: RP | E493: 999 | F493: 507 | G493: 21 | H493: 2.091 | I493: 0.007 | J493: pitching depth | K493: P
A494: 493 | B494: Christopher Morel | C494: MIA | D494: OF | E494: 999 | F494: 506 | G494: 21 | H494: 2.085 | I494: 0.005 | J494: value target | K494: H
A495: 494 | B495: Ryan Jeffers | C495: MIN | D495: C | E495: 296.52 | F495: -197.48 | G495: 21 | H495: 2.08 | I495: 0.006 | J495: value target | K495: H
A496: 495 | B496: Matt Gage | C496: SFG | D496: RP | E496: 999 | F496: 504 | G496: 21 | H496: 2.074 | I496: 0.013 | J496: pitching depth | K496: P
A497: 496 | B497: Jordan Hicks | C497: CHW | D497: RP | E497: 999 | F497: 503 | G497: 21 | H497: 2.061 | I497: 0.012 | J497: pitching depth | K497: P
A498: 497 | B498: Grant Anderson | C498: MIL | D498: RP | E498: 999 | F498: 502 | G498: 21 | H498: 2.049 | I498: 0.005 | J498: pitching depth | K498: P
A499: 498 | B499: Cole Sulser | C499: TBR | D499: RP | E499: 999 | F499: 501 | G499: 22 | H499: 2.044 | I499: 0.004 | J499: pitching depth | K499: P
A500: 499 | B500: Anthony Kay | C500: CHW | D500: SP | E500: 717.81 | F500: 218.81 | G500: 22 | H500: 2.04 | I500: 0.011 | J500: SP value | K500: P
A501: 500 | B501: Josh Sborz | C501: TEX | D501: RP | E501: 999 | F501: 499 | G501: 22 | H501: 2.029 | I501: 0.004 | J501: pitching depth | K501: P
A502: 501 | B502: Jalen Beeks | C502: TEX | D502: RP | E502: 999 | F502: 498 | G502: 22 | H502: 2.024 | I502: 0.001 | J502: pitching depth | K502: P
A503: 502 | B503: Nasim Nuñez | C503: WSN | D503: SS | E503: 597.17 | F503: 95.17 | G503: 22 | H503: 2.023 | I503: 0.008 | J503: speed specialist | K503: H
A504: 503 | B504: Cade Horton | C504: CHC | D504: SP | E504: 179.83 | F504: -323.17 | G504: 22 | H504: 2.015 | I504: 0.001 | J504: pitching depth | K504: P
A505: 504 | B505: Ryne Stanek | C505: STL | D505: RP | E505: 748.14 | F505: 244.14 | G505: 22 | H505: 2.014 | I505: 0.005 | J505: RP saves+holds | K505: P
... A568: 567 | B568: Jac Caglianone | C568: KCR | D568: OF | E568: 167.34 | F568: -399.66 | G568: 24 | H568: 1.424 | I568: 0.002 | J568: balanced bat | K568: H
A569: 568 | E569: 999 | F569: 431 | G569: 24 | H569: 1.421 | I569: 0.004 | J569: pitching depth | K569: P
A570: 569 | B570: Spencer Steer | C570: CIN | D570: 1B | E570: 335.43 | F570: -233.57 | G570: 24 | H570: 1.417 | I570: 0.001 | J570: value target | K570: H
A571: 570 | B571: Will Klein | C571: LAD | D571: RP | E571: 999 | F571: 429 | G571: 24 | H571: 1.416 | I571: 0.013 | J571: pitching depth | K571: P
A572: 571 | B572: Austin Hays | C572: CHW | D572: OF | E572: 587.93 | F572: 16.93 | G572: 24 | H572: 1.404 | I572: 0.006 | J572: value target | K572: H
A573: 572 | B573: Hunter Bigge | C573: TBR | D573: RP | E573: 999 | F573: 427 | G573: 24 | H573: 1.398 | I573: 0.006 | J573: pitching depth | K573: P
A574: 573 | B574: Sam Hentges | C574: SFG | D574: RP | E574: 999 | F574: 426 | G574: 24 | H574: 1.392 | I574: 0.005 | J574: pitching depth | K574: P
A575: 574 | B575: DL Hall | C575: MIL | D575: RP | E575: 999 | F575: 425 | G575: 24 | H575: 1.387 | I575: 0.009 | J575: pitching depth | K575: P
A576: 575 | B576: Matt Vierling | C576: DET | D576: OF | E576: 999 | F576: 424 | G576: 24 | H576: 1.377 | I576: 0.03 | J576: value target | K576: H
A577: 576 | B577: Moisés Ballesteros | C577: CHC | D577: C | E577: 611.1 | F577: 35.1 | G577: 24 | H577: 1.348 | I577: 0.014 | J577: ratio stabilizer | K577: H
A578: 577 | B578: Kyle Harrison | C578: MIL | D578: SP | E578: 475.18 | F578: -101.82 | G578: 24 | H578: 1.334 | I578: 0.002 | J578: SP value | K578: P
A579: 578 | B579: Kevin Kelly | C579: TBR | D579: RP | E579: 999 | F579: 421 | G579: 24 | H579: 1.332 | I579: 0.005 | J579: pitching depth | K579: P
A580: 579 | B580: Hayden Harris | C580: ATL | D580: RP | E580: 999 | F580: 420 | G580: 24 | H580: 1.327 | I580: 0.001 | J580: pitching depth | K580: P
A581: 580 | B581: Nolan Gorman | C581: STL | D581: 2B | E581: 658.49 | F581: 78.49 | G581: 24 | H581: 1.326 | I581: 0.009 | J581: value target | K581: H
... A595: 594 | B595: Cristian Javier | C595: HOU | D595: SP | E595: 475.05 | F595: -118.95 | G595: 25 | H595: 1.165 | I595: 0.006 | J595: strikeout arm | K595: P
A596: 595 | B596: Lucas Giolito | D596: SP | E596: 726.63 | F596: 131.63 | G596: 25 | H596: 1.159 | I596: 0.002 | J596: SP value | K596: P
A597: 596 | B597: Miguel Andujar | C597: SDP | D597: OF | E597: 726.26 | F597: 130.26 | G597: 25 | H597: 1.158 | I597: 0.003 | J597: ratio stabilizer | K597: H
A598: 597 | B598: Cole Henry | C598: WSN | D598: RP | E598: 734.92 | F598: 137.92 | G598: 25 | H598: 1.155 | I598: 0.006 | J598: RP saves+holds | K598: P
A599: 598 | B599: Roki Sasaki | C599: LAD | D599: SP | E599: 278.46 | F599: -319.54 | G599: 25 | H599: 1.149 | I599: 0.02 | J599: pitching depth | K599: P
A600: 599 | B600: Justin Wilson | D600: RP | E600: 999 | F600: 400 | G600: 25 | H600: 1.129 | I600: 0.001 | J600: pitching depth | K600: P
A601: 600 | B601: Ryan McMahon | C601: NYY | D601: 3B | E601: 734.42 | F601: 134.42 | G601: 25 | H601: 1.128 | I601: 0.01 | J601: value target | K601: H
A602: 601 | B602: Javier Sanoja | C602: MIA | D602: OF | E602: 999 | F602: 398 | G602: 25 | H602: 1.118 | I602: 0.017 | J602: value target | K602: H
A603: 602 | B603: CJ Kayfus | C603: CLE | D603: OF | E603: 999 | F603: 397 | G603: 25 | H603: 1.101 | I603: 0 | J603: value target | K603: H
A604: 603 | B604: Edouard Julien | C604: COL | D604: 1B | E604: 748.34 | F604: 145.34 | G604: 25 | H604: 1.101 | I604: 0.006 | J604: ratio stabilizer | K604: H
A605: 604 | B605: Alex Cobb | D605: SP | E605: 999 | F605: 395 | G605: 25 | H605: 1.095 | I605: 0.001 | J605: SP value | K605: P
A606: 605 | B606: Cionel Pérez | C606: WSN | D606: RP | E606: 999 | F606: 394 | G606: 25 | H606: 1.094 | I606: 0.005 | J606: pitching depth | K606: P
A607: 606 | B607: Luisangel Acuña | C607: CHW | D607: 2B | E607: 397.08 | F607: -208.92 | G607: 25 | H607: 1.089 | I607: 0.001 | J607: speed specialist | K607: H
A608: 607 | B608: Yoán Moncada | C608: LAA | D608: 3B | E608: 745.72 | F608: 138.72 | G608: 25 | H608: 1.088 | I608: 0 | J608: value target | K608: H
A609: 608 | B609: Andrew Alvarez | C609: WSN | D609: SP | E609: 999 | F609: 391 | G609: 25 | H609: 1.087 | I609: 0.003 | J609: SP value | K609: P
A610: 609 | B610: Cole Young | C610: SEA | D610: 2B | E610: 720.13 | F610: 111.13 | G610: 25 | H610: 1.084 | I610: 0.005 | J610: value target | K610: H
A611: 610 | B611: George Soriano | C611: STL | D611: RP | E611: 999 | F611: 389 | G611: 25 | H611: 1.079 | I611: 0.004 | J611: pitching depth | K611: P
A612: 611 | B612: Sam Haggerty | C612: TEX | D612: OF | E612: 999 | F612: 388 | G612: 25 | H612: 1.075 | I612: 0.004 | J612: value target | K612: H
A613: 612 | B613: Edgar Quero | C613: CHW | D613: C | E613: 476.03 | F613: -135.97 | G613: 25 | H613: 1.071 | I613: 0.001 | J613: value target | K613: H
A614: 613 | B614: Chase Silseth | C614: LAA | D614: RP | E614: 999 | F614: 386 | G614: 25 | H614: 1.07 | I614: 0.007 | J614: pitching depth | K614: P
A615: 614 | B615: Will Benson | C615: CIN | D615: OF | E615: 999 | F615: 385 | G615: 25 | H615: 1.063 | I615: 0.002 | J615: value target | K615: H
A616: 615 | B616: Bryce Elder | C616: ATL | D616: SP | E616: 736.99 | F616: 121.99 | G616: 25 | H616: 1.061 | I616: 0.004 | J616: SP value | K616: P
A617: 616 | B617: Kyle Backhus | C617: PHI | D617: RP | E617: 999 | F617: 383 | G617: 25 | H617: 1.056 | I617: 0.009 | J617: pitching depth | K617: P
... A630: 629 | B630: Elvis Alvarado | C630: ATH | D630: RP | E630: 748.31 | F630: 119.31 | G630: 26 | H630: 0.93 | I630: 0.001 | J630: pitching depth | K630: P
A631: 630 | B631: Jesse Winker | D631: BAT | E631: 999 | F631: 369 | G631: 26 | H631: 0.929 | I631: 0.015 | J631: ratio stabilizer | K631: H
A632: 631 | B632: Brandon Sproat | C632: MIL | D632: SP | E632: 567.61 | F632: -63.39 | G632: 26 | H632: 0.914 | I632: 0.001 | J632: SP value | K632: P
A633: 632 | B633: John King | C633: MIA | D633: RP | E633: 999 | F633: 367 | G633: 26 | H633: 0.913 | I633: 0.005 | J633: pitching depth | K633: P
A634: 633 | B634: Jake Bauers | C634: MIL | D634: 1B | E634: 999 | F634: 366 | G634: 26 | H634: 0.908 | I634: 0 | J634: value target | K634: H
A635: 634 | B635: Jordan Lawlar | C635: ARI | D635: 3B | E635: 262.22 | F635: -371.78 | G635: 26 | H635: 0.907 | I635: 0.017 | J635: balanced bat | K635: H
A636: 635 | B636: Bryce Eldridge | C636: SFG | D636: 1B | E636: 999 | F636: 364 | G636: 26 | H636: 0.891 | I636: 0.007 | J636: value target | K636: H
A637: 636 | B637: Rob Zastryzny | C637: MIL | D637: RP | E637: 999 | F637: 363 | G637: 26 | H637: 0.883 | I637: 0.028 | J637: pitching depth | K637: P
A638: 637 | B638: Julian Fernández | C638: WSN | D638: RP | E638: 999 | F638: 362 | G638: 26 | H638: 0.855 | I638: 0.012 | J638: pitching depth | K638: P
A639: 638 | B639: Joey Bart | C639: PIT | D639: C | E639: 999 | F639: 361 | G639: 26 | H639: 0.843 | I639: 0.006 | J639: value target | K639: H
A640: 639 | B640: Adbert Alzolay | C640: NYM | D640: RP | E640: 999 | F640: 360 | G640: 26 | H640: 0.836 | I640: 0.007 | J640: pitching depth | K640: P
A641: 640 | B641: Brooks Baldwin | C641: CHW | D641: OF | E641: 747.99 | F641: 107.99 | G641: 26 | H641: 0.829 | I641: 0.001 | J641: value target | K641: H
A642: 641 | B642: Brandon Eisert | C642: CHW | D642: RP | E642: 999 | F642: 358 | G642: 26 | H642: 0.828 | I642: 0.01 | J642: pitching depth | K642: P
A643: 642 | B643: Clarke Schmidt | C643: NYY | D643: P | E643: 999 | F643: 357 | G643: 26 | H643: 0.819 | I643: 0.012 | J643: pitching depth | K643: P
... A673: 672 | B673: Sam Moll | C673: CIN | D673: RP | E673: 999 | F673: 327 | G673: 27 | H673: 0.572 | I673: 0.005 | J673: pitching depth | K673: P
A674: 673 | E674: 999 | F674: 326 | G674: 27 | H674: 0.567 | I674: 0.005 | J674: pitching depth | K674: P
A675: 674 | B675: Stephen Kolek | C675: KCR | D675: P | E675: 999 | F675: 325 | G675: 27 | H675: 0.562 | I675: 0.006 | J675: pitching depth | K675: P
A676: 675 | B676: Masataka Yoshida | C676: BOS | D676: DH | E676: 748.09 | F676: 73.09 | G676: 27 | H676: 0.556 | I676: 0.011 | J676: ratio stabilizer | K676: H
A677: 676 | B677: Richard Lovelady | C677: NYM | D677: RP | E677: 999 | F677: 323 | G677: 27 | H677: 0.546 | I677: 0.008 | J677: pitching depth | K677: P
A678: 677 | B678: Edgardo Henriquez | C678: LAD | D678: RP | E678: 999 | F678: 322 | G678: 27 | H678: 0.538 | I678: 0.02 | J678: pitching depth | K678: P
A679: 678 | B679: Dylan Dodd | C679: ATL | D679: RP | E679: 999 | F679: 321 | G679: 28 | H679: 0.518 | I679: 0.01 | J679: pitching depth | K679: P
A680: 679 | B680: Spencer Arrighetti | C680: HOU | D680: SP | E680: 726.33 | F680: 47.33 | G680: 28 | H680: 0.508 | I680: 0.002 | J680: SP value | K680: P
A681: 680 | B681: Jonny DeLuca | C681: TBR | D681: OF | E681: 999 | F681: 319 | G681: 28 | H681: 0.506 | I681: 0.009 | J681: value target | K681: H
A682: 681 | B682: Bradgley Rodriguez | C682: SDP | D682: RP | E682: 999 | F682: 318 | G682: 28 | H682: 0.497 | I682: 0.006 | J682: pitching depth | K682: P
A683: 682 | B683: Ryan Brasier | D683: RP | E683: 999 | F683: 317 | G683: 28 | H683: 0.491 | I683: 0.004 | J683: pitching depth | K683: P
A684: 683 | B684: Colin Selby | C684: BAL | D684: RP | E684: 999 | F684: 316 | G684: 28 | H684: 0.487 | I684: 0.009 | J684: pitching depth | K684: P
A685: 684 | E685: 999 | F685: 315 | G685: 28 | H685: 0.478 | I685: 0.005 | J685: pitching depth | K685: P
A686: 685 | B686: JP Sears | C686: SDP | D686: P | E686: 999 | F686: 314 | G686: 28 | H686: 0.473 | I686: 0.009 | J686: pitching depth | K686: P
A687: 686 | B687: Roddery Muñoz | C687: HOU | D687: RP | E687: 999 | F687: 313 | G687: 28 | H687: 0.464 | I687: 0.019 | J687: pitching depth | K687: P
A688: 687 | E688: 999 | F688: 312 | G688: 28 | H688: 0.446 | I688: 0.019 | J688: pitching depth | K688: P
A689: 688 | B689: DJ Herz | C689: WSN | D689: P | E689: 999 | F689: 311 | G689: 28 | H689: 0.427 | I689: 0.023 | J689: pitching depth | K689: P
A690: 689 | B690: Yaramil Hiraldo | C690: BAL | D690: RP | E690: 999 | F690: 310 | G690: 28 | H690: 0.404 | I690: 0.007 | J690: pitching depth | K690: P
A691: 690 | E691: 999 | F691: 309 | G691: 28 | H691: 0.396 | I691: 0.006 | J691: pitching depth | K691: P
A692: 691 | E692: 999 | F692: 308 | G692: 28 | H692: 0.39 | I692: 0.013 | J692: pitching depth | K692: P
A693: 692 | B693: Brennan Bernardino | C693: COL | D693: RP | E693: 999 | F693: 307 | G693: 28 | H693: 0.378 | I693: 0.01 | J693: pitching depth | K693: P
A694: 693 | B694: Zak Kent | C694: MIN | D694: RP | E694: 999 | F694: 306 | G694: 28 | H694: 0.368 | I694: 0.001 | J694: pitching depth | K694: P
...

Sheet hitters_board
A1: final_rank | B1: player_name | C1: team | D1: inferred_role | E1: position | F1: PA | G1: R | H1: RBI | I1: HR | J1: SB | K1: AVG | L1: OBP | M1: adp | N1: adp_gap | O1: tier | P1: final_score | Q1: dropoff_to_next | R1: note
A2: 1 | B2: Shohei Ohtani | C2: LAD | D2: DH | E2: DH | F2: 659.45 | G2: 120.75 | H2: 107.978 | I2: 45.536 | J2: 23.74 | K2: 0.281 | L2: 0.384 | M2: 1.26 | N2: 0.26 | O2: 1 | P2: 17.972 | Q2: 0.861 | R2: speed specialist
A3: 2 | B3: Aaron Judge | C3: NYY | D3: OF | E3: OF | F3: 636.129 | G3: 107.577 | H3: 110.556 | I3: 45.797 | J3: 8.561 | K3: 0.287 | L3: 0.417 | M3: 1.86 | N3: -0.14 | O3: 2 | P3: 17.111 | Q3: 1.186 | R3: power boost
A4: 3 | B4: Juan Soto | C4: NYM | D4: OF | E4: OF | F4: 658.29 | G4: 107.336 | H4: 95.688 | I4: 36.957 | J4: 19.645 | K4: 0.272 | L4: 0.409 | M4: 4.68 | N4: 1.68 | O4: 3 | P4: 15.925 | Q4: 0.921 | R4: speed specialist
A5: 4 | B5: Bobby Witt Jr. | C5: KCR | D5: SS | E5: SS | F5: 650.443 | G5: 100.778 | H5: 91.936 | I5: 28.99 | J5: 33.745 | K5: 0.292 | L5: 0.349 | M5: 3.07 | N5: -0.93 | O5: 4 | P5: 15.005 | Q5: 0.447 | R5: speed specialist
A6: 5 | B6: Ronald Acuña Jr. | C6: ATL | D6: OF | E6: OF | F6: 645.549 | G6: 105.845 | H6: 80.97 | I6: 29.449 | J6: 24.956 | K6: 0.281 | L6: 0.385 | M6: 5.32 | N6: 0.32 | O6: 4 | P6: 14.558 | Q6: 1.797 | R6: speed specialist
A7: 6 | B7: José Ramírez | C7: CLE | D7: 3B | E7: 3B | F7: 633.09 | G7: 88.733 | H7: 87.207 | I7: 27.1 | J7: 32.247 | K7: 0.273 | L7: 0.347 | M7: 6.23 | N7: 0.23 | O7: 5 | P7: 12.761 | Q7: 0.116 | R7: speed specialist
A8: 7 | B8: Vladimir Guerrero Jr. | C8: TOR | D8: 1B | E8: 1B | F8: 653.597 | G8: 94.725 | H8: 97.29 | I8: 30.65 | J8: 5.047 | K8: 0.296 | L8: 0.381 | M8: 18.13 | N8: 11.13 | O8: 5 | P8: 12.645 | Q8: 0.175 | R8: power boost
A9: 8 | B9: Fernando Tatis Jr. | C9: SDP | D9: OF | E9: OF | F9: 638.128 | G9: 98.122 | H9: 82.178 | I9: 29.326 | J9: 24.218 | K9: 0.272 | L9: 0.357 | M9: 14.06 | N9: 6.06 | O9: 5 | P9: 12.469 | Q9: 0.524 | R9: speed specialist
A10: 9 | B10: Kyle Tucker | C10: LAD | D10: OF | E10: OF | F10: 599.986 | G10: 93.196 | H10: 84.12 | I10: 28.388 | J10: 19.815 | K10: 0.269 | L10: 0.37 | M10: 13.17 | N10: 4.17 | O10: 5 | P10: 11.945 | Q10: 0.077 | R10: speed specialist
A11: 10 | B11: Corbin Carroll | C11: ARI | D11: OF | E11: OF | F11: 607.431 | G11: 96.51 | H11: 78.267 | I11: 25.974 | J11: 32.598 | K11: 0.259 | L11: 0.346 | M11: 14.14 | N11: 4.14 | O11: 5 | P11: 11.868 | Q11: 0.151 | R11: speed specialist
A12: 11 | B12: Julio Rodríguez | C12: SEA | D12: OF | E12: OF | F12: 645.328 | G12: 91.561 | H12: 90.343 | I12: 29.432 | J12: 25.592 | K12: 0.273 | L12: 0.334 | M12: 9.54 | N12: -1.46 | O12: 5 | P12: 11.717 | Q12: 0.12 | R12: speed specialist
A13: 12 | B13: Yordan Alvarez | C13: HOU | D13: OF | E13: OF | F13: 553.289 | G13: 81.297 | H13: 88.405 | I13: 30.495 | J13: 3.632 | K13: 0.294 | L13: 0.39 | M13: 33.21 | N13: 21.21 | O13: 5 | P13: 11.596 | Q13: 0.058 | R13: power boost
... A113: 112 | B113: Sal Stewart | C113: CIN | D113: 1B | E113: 1B | F113: 460.165 | G113: 57.062 | H113: 61.531 | I113: 17.354 | J113: 6.266 | K113: 0.268 | L113: 0.33 | M113: 166.11 | N113: 54.11 | O113: 9 | P113: 4.365 | Q113: 0.027 | R113: ratio stabilizer
A114: 113 | B114: Luis García Jr. | C114: WSN | D114: BAT | F114: 478.097 | G114: 54.416 | H114: 58.745 | I114: 14.402 | J114: 12.95 | K114: 0.268 | L114: 0.309 | M114: 259.77 | N114: 146.77 | O114: 9 | P114: 4.338 | Q114: 0.01 | R114: ratio stabilizer
A115: 114 | B115: Nolan Arenado | C115: ARI | D115: 3B | E115: 3B | F115: 549.168 | G115: 60.007 | H115: 69.25 | I115: 16.285 | J115: 2.733 | K115: 0.254 | L115: 0.308 | M115: 641.79 | N115: 527.79 | O115: 9 | P115: 4.327 | Q115: 0.015 | R115: value target
A116: 115 | B116: Tyler Freeman | C116: COL | D116: OF | E116: OF | F116: 296.607 | G116: 37.825 | H116: 27.941 | I116: 4.884 | J116: 11.695 | K116: 0.279 | L116: 0.352 | M116: 745.42 | N116: 630.42 | O116: 9 | P116: 4.312 | Q116: 0.03 | R116: ratio stabilizer
A117: 116 | B117: Spencer Horwitz | C117: PIT | D117: 1B | E117: 1B | F117: 449.336 | G117: 51.902 | H117: 48.853 | I117: 10.419 | J117: 1.817 | K117: 0.258 | L117: 0.346 | M117: 739.93 | N117: 623.93 | O117: 9 | P117: 4.282 | Q117: 0.029 | R117: ratio stabilizer
A118: 117 | B118: Colt Keith | C118: DET | D118: 3B | E118: 3B | F118: 491.766 | G118: 60.094 | H118: 56.203 | I118: 14.995 | J118: 3.518 | K118: 0.258 | L118: 0.328 | M118: 494.52 | N118: 377.52 | O118: 9 | P118: 4.253 | Q118: 0.025 | R118: ratio stabilizer
A119: 118 | B119: Marcus Semien | C119: NYM | D119: 2B | E119: 2B | F119: 592.41 | G119: 71.785 | H119: 67.972 | I119: 19.035 | J119: 8.96 | K119: 0.242 | L119: 0.313 | M119: 265.13 | N119: 147.13 | O119: 9 | P119: 4.229 | Q119: 0.026 | R119: value target
A120: 119 | B120: Ceddanne Rafaela | C120: BOS | D120: OF | E120: OF | F120: 539.447 | G120: 64.948 | H120: 62.323 | I120: 16.006 | J120: 19.216 | K120: 0.253 | L120: 0.294 | M120: 126.17 | N120: 7.17 | O120: 9 | P120: 4.203 | Q120: 0.012 | R120: speed specialist
A121: 120 | B121: Wilyer Abreu | C121: BOS | D121: OF | E121: OF | F121: 478.347 | G121: 60.37 | H121: 65.596 | I121: 20.615 | J121: 7.824 | K121: 0.245 | L121: 0.326 | M121: 201.88 | N121: 81.88 | O121: 9 | P121: 4.191 | Q121: 0.054 | R121: power boost
A122: 121 | B122: Jordan Westburg | C122: BAL | D122: 3B | E122: 3B | F122: 401.205 | G122: 53.268 | H122: 51.746 | I122: 16.188 | J122: 4.207 | K122: 0.262 | L122: 0.317 | M122: 631.38 | N122: 510.38 | O122: 9 | P122: 4.137 | Q122: 0.005 | R122: ratio stabilizer
A123: 122 | B123: Jung Hoo Lee | C123: SFG | D123: OF | E123: OF | F123: 532.605 | G123: 60.719 | H123: 52.877 | I123: 7.899 | J123: 8.525 | K123: 0.269 | L123: 0.329 | M123: 339.77 | N123: 217.77 | O123: 9 | P123: 4.132 | Q123: 0.017 | R123: ratio stabilizer
A124: 123 | B124: Jonathan India | C124: KCR | D124: 2B | E124: 2B | F124: 493.064 | G124: 58.817 | H124: 49.048 | I124: 11.606 | J124: 6.15 | K124: 0.246 | L124: 0.339 | M124: 612.3 | N124: 489.3 | O124: 9 | P124: 4.114 | Q124: 0.018 | R124: ratio stabilizer
A125: 124 | B125: Sal Frelick | C125: MIL | D125: OF | E125: OF | F125: 515.378 | G125: 59.189 | H125: 49.168 | I125: 7.473 | J125: 16.269 | K125: 0.262 | L125: 0.328 | M125: 215.19 | N125: 91.19 | O125: 9 | P125: 4.096 | Q125: 0.108 | R125: speed specialist
A126: 125 | B126: J.P. Crawford | C126: SEA | D126: SS | E126: SS | F126: 549.913 | G126: 61.352 | H126: 49.776 | I126: 10.321 | J126: 4.833 | K126: 0.241 | L126: 0.334 | M126: 748.33 | N126: 623.33 | O126: 9 | P126: 3.988 | Q126: 0.007 | R126: ratio stabilizer
... A198: 197 | B198: Noelvi Marte | C198: CIN | D198: OF | E198: OF | F198: 454.672 | G198: 54.209 | H198: 53.611 | I198: 14.81 | J198: 12.694 | K198: 0.251 | L198: 0.303 | M198: 147.03 | N198: -49.97 | O198: 12 | P198: 2.421 | Q198: 0.046 | R198: balanced bat
A199: 198 | B199: Victor Scott II | C199: STL | D199: BAT | F199: 476.33 | G199: 53.04 | H199: 36.566 | I199: 7.058 | J199: 30.093 | K199: 0.223 | L199: 0.293 | M199: 382.93 | N199: 184.93 | O199: 12 | P199: 2.375 | Q199: 0.012 | R199: speed specialist
A200: 199 | B200: Mike Yastrzemski | C200: ATL | D200: OF | E200: OF | F200: 433.143 | G200: 52.208 | H200: 49.474 | I200: 15.298 | J200: 4.286 | K200: 0.229 | L200: 0.318 | M200: 647.71 | N200: 448.71 | O200: 12 | P200: 2.363 | Q200: 0.01 | R200: value target
A201: 200 | B201: Tommy Edman | C201: LAD | D201: 2B | E201: 2B | F201: 394.94 | G201: 48.06 | H201: 44.096 | I201: 10.757 | J201: 7.786 | K201: 0.246 | L201: 0.301 | M201: 728.27 | N201: 528.27 | O201: 12 | P201: 2.353 | Q201: 0.043 | R201: value target
A202: 201 | B202: Cedric Mullins | C202: TBR | D202: BAT | F202: 435.819 | G202: 51.682 | H202: 47.715 | I202: 13.984 | J202: 18.456 | K202: 0.227 | L202: 0.302 | M202: 325.35 | N202: 124.35 | O202: 12 | P202: 2.31 | Q202: 0.07 | R202: speed specialist
A203: 202 | B203: Jordan Walker | C203: STL | D203: OF | E203: OF | F203: 477.602 | G203: 51.336 | H203: 53.275 | I203: 14.602 | J203: 8.523 | K203: 0.239 | L203: 0.301 | M203: 493.5 | N203: 291.5 | O203: 12 | P203: 2.24 | Q203: 0.062 | R203: value target
A204: 203 | B204: Tyler O'Neill | C204: BAL | D204: OF | E204: OF | F204: 381.948 | G204: 48.452 | H204: 50.331 | I204: 18.018 | J204: 4.341 | K204: 0.233 | L204: 0.318 | M204: 496.11 | N204: 293.11 | O204: 12 | P204: 2.178 | Q204: 0.03 | R204: value target
A205: 204 | B205: Nathan Lukes | C205: TOR | D205: OF | E205: OF | F205: 293.456 | G205: 33.637 | H205: 30.091 | I205: 5.608 | J205: 2.811 | K205: 0.262 | L205: 0.324 | M205: 999 | N205: 795 | O205: 12 | P205: 2.148 | Q205: 0.063 | R205: ratio stabilizer
A206: 205 | B206: Christopher Morel | C206: MIA | D206: OF | E206: OF | F206: 337.889 | G206: 39.328 | H206: 41.493 | I206: 13.464 | J206: 6.461 | K206: 0.223 | L206: 0.302 | M206: 999 | N206: 794 | O206: 12 | P206: 2.085 | Q206: 0.005 | R206: value target
A207: 206 | B207: Ryan Jeffers | C207: MIN | D207: C | E207: C | F207: 487.378 | G207: 55.591 | H207: 55.306 | I207: 15.606 | J207: 2.441 | K207: 0.242 | L207: 0.325 | M207: 296.52 | N207: 90.52 | O207: 12 | P207: 2.08 | Q207: 0.057 | R207: value target
A208: 207 | B208: Nasim Nuñez | C208: WSN | D208: SS | E208: SS | F208: 352.717 | G208: 39.763 | H208: 26.778 | I208: 4.825 | J208: 24.517 | K208: 0.23 | L208: 0.304 | M208: 597.17 | N208: 390.17 | O208: 12 | P208: 2.023 | Q208: 0.014 | R208: speed specialist
A209: 208 | B209: Gavin Lux | C209: TBR | D209: 2B | E209: 2B | F209: 406.852 | G209: 44.234 | H209: 39.168 | I209: 6.109 | J209: 2.846 | K209: 0.252 | L209: 0.329 | M209: 745.56 | N209: 537.56 | O209: 12 | P209: 2.009 | Q209: 0.014 | R209: value target
A210: 209 | B210: Dylan Crews | C210: WSN | D210: OF | E210: OF | F210: 411.925 | G210: 48.371 | H210: 44.377 | I210: 12.197 | J210: 17.717 | K210: 0.238 | L210: 0.301 | M210: 257.3 | N210: 48.3 | O210: 12 | P210: 1.995 | Q210: 0 | R210: speed specialist
A211: 210 | B211: Max Muncy | C211: LAD | D211: 3B | E211: 3B | F211: 411.35 | G211: 54.642 | H211: 55.888 | I211: 19.137 | J211: 2.5 | K211: 0.222 | L211: 0.343 | M211: 236.34 | N211: 26.34 | O211: 12 | P211: 1.995 | Q211: 0.037 | R211: ratio stabilizer
A212: 211 | B212: Kyle Isbel | C212: KCR | D212: OF | E212: OF | F212: 422.606 | G212: 47.121 | H212: 38.282 | I212: 7.254 | J212: 8.612 | K212: 0.237 | L212: 0.292 | M212: 999 | N212: 788 | O212: 12 | P212: 1.958 | Q212: 0.021 | R212: value target
A213: 212 | B213: Gavin Sheets | C213: SDP | D213: OF | E213: OF | F213: 446.531 | G213: 47.404 | H213: 51.696 | I213: 13.81 | J213: 2.119 | K213: 0.24 | L213: 0.307 | M213: 695.58 | N213: 483.58 | O213: 12 | P213: 1.937 | Q213: 0.037 | R213: value target
A214: 213 | B214: Starling Marte | C214: KCR | D214: OF | E214: OF | F214: 235.253 | G214: 27.528 | H214: 24.586 | I214: 5.286 | J214: 6.367 | K214: 0.262 | L214: 0.319 | M214: 999 | N214: 786 | O214: 12 | P214: 1.9 | Q214: 0.114 | R214: value target
... A221: 220 | B221: Brooks Lee | C221: MIN | D221: SS | E221: SS | F221: 503.446 | G221: 52.147 | H221: 55.164 | I221: 12.924 | J221: 4.161 | K221: 0.243 | L221: 0.295 | M221: 535.23 | N221: 315.23 | O221: 12 | P221: 1.55 | Q221: 0.047 | R221: value target
A222: 221 | B222: Romy Gonzalez | C222: BOS | D222: BAT | F222: 195.363 | G222: 23.743 | H222: 24.174 | I222: 5.904 | J222: 5.25 | K222: 0.267 | L222: 0.313 | M222: 999 | N222: 778 | O222: 12 | P222: 1.503 | Q222: 0.002 | R222: ratio stabilizer
A223: 222 | B223: Addison Barger | C223: TOR | D223: 3B | E223: 3B | F223: 459.259 | G223: 55.133 | H223: 58.887 | I223: 17.031 | J223: 3.766 | K223: 0.242 | L223: 0.309 | M223: 194.1 | N223: -27.9 | O223: 12 | P223: 1.501 | Q223: 0.036 | R223: balanced bat
A224: 223 | B224: Marcelo Mayer | C224: BOS | D224: 3B | E224: 3B | F224: 403.151 | G224: 45.667 | H224: 45.499 | I224: 10.564 | J224: 5.404 | K224: 0.246 | L224: 0.304 | M224: 588.92 | N224: 365.92 | O224: 12 | P224: 1.465 | Q224: 0.03 | R224: value target
A225: 224 | B225: Wenceel Pérez | C225: DET | D225: OF | E225: OF | F225: 361.897 | G225: 42.401 | H225: 37.362 | I225: 9.592 | J225: 8.396 | K225: 0.236 | L225: 0.302 | M225: 748.32 | N225: 524.32 | O225: 12 | P225: 1.435 | Q225: 0.011 | R225: value target
A226: 225 | B226: Jac Caglianone | C226: KCR | D226: OF | E226: OF | F226: 458.253 | G226: 54.113 | H226: 59.294 | I226: 17.704 | J226: 3.066 | K226: 0.243 | L226: 0.309 | M226: 167.34 | N226: -57.66 | O226: 13 | P226: 1.424 | Q226: 0.006 | R226: balanced bat
A227: 226 | B227: Spencer Steer | C227: CIN | D227: 1B | E227: 1B | F227: 417.559 | G227: 48.439 | H227: 48.839 | I227: 13.503 | J227: 7.317 | K227: 0.235 | L227: 0.317 | M227: 335.43 | N227: 109.43 | O227: 13 | P227: 1.417 | Q227: 0.014 | R227: value target
A228: 227 | B228: Austin Hays | C228: CHW | D228: OF | E228: OF | F228: 420.911 | G228: 46.956 | H228: 48.661 | I228: 12.707 | J228: 4.444 | K228: 0.243 | L228: 0.299 | M228: 587.93 | N228: 360.93 | O228: 13 | P228: 1.404 | Q228: 0.026 | R228: value target
A229: 228 | B229: Matt Vierling | C229: DET | D229: OF | E229: OF | F229: 316.277 | G229: 35.5 | H229: 31.795 | I229: 7.608 | J229: 3.879 | K229: 0.243 | L229: 0.308 | M229: 999 | N229: 771 | O229: 13 | P229: 1.377 | Q229: 0.03 | R229: value target
A230: 229 | B230: Moisés Ballesteros | C230: CHC | D230: C | E230: C | F230: 328.704 | G230: 36.549 | H230: 37.86 | I230: 8.717 | J230: 1.605 | K230: 0.261 | L230: 0.325 | M230: 611.1 | N230: 382.1 | O230: 13 | P230: 1.348 | Q230: 0.022 | R230: ratio stabilizer
A231: 230 | B231: Nolan Gorman | C231: STL | D231: 2B | E231: 2B | F231: 477.507 | G231: 53.222 | H231: 59.613 | I231: 19.881 | J231: 3.62 | K231: 0.212 | L231: 0.293 | M231: 658.49 | N231: 428.49 | O231: 13 | P231: 1.326 | Q231: 0.02 | R231: value target
A232: 231 | B232: Victor Robles | C232: SEA | D232: OF | E232: OF | F232: 288.064 | G232: 34.138 | H232: 24.535 | I232: 4.928 | J232: 15.062 | K232: 0.241 | L232: 0.308 | M232: 725.49 | N232: 494.49 | O232: 13 | P232: 1.305 | Q232: 0.04 | R232: speed specialist
A233: 232 | B233: Kyle Karros | C233: COL | D233: 3B | E233: 3B | F233: 240.646 | G233: 26.545 | H233: 24.155 | I233: 4.282 | J233: 1.998 | K233: 0.261 | L233: 0.329 | M233: 999 | N233: 767 | O233: 13 | P233: 1.265 | Q233: 0.014 | R233: value target
A234: 233 | B234: Cam Smith | C234: HOU | D234: OF | E234: OF | F234: 456.582 | G234: 51.098 | H234: 46.643 | I234: 10.685 | J234: 6.744 | K234: 0.242 | L234: 0.314 | M234: 350.67 | N234: 117.67 | O234: 13 | P234: 1.251 | Q234: 0.054 | R234: value target
... A253: 252 | B253: Brett Baty | C253: NYM | D253: 3B | E253: 3B | F253: 414.877 | G253: 47.364 | H253: 48.862 | I253: 15.031 | J253: 4.351 | K253: 0.242 | L253: 0.309 | M253: 293.78 | N253: 41.78 | O253: 13 | P253: 0.931 | Q253: 0.002 | R253: value target
A254: 253 | B254: Jesse Winker | D254: BAT | F254: 215.512 | G254: 25.079 | H254: 22.713 | I254: 5.77 | J254: 3.29 | K254: 0.236 | L254: 0.342 | M254: 999 | N254: 746 | O254: 13 | P254: 0.929 | Q254: 0.021 | R254: ratio stabilizer
A255: 254 | B255: Jake Bauers | C255: MIL | D255: 1B | E255: 1B | F255: 280.05 | G255: 32.271 | H255: 33.38 | I255: 10.364 | J255: 7.064 | K255: 0.211 | L255: 0.309 | M255: 999 | N255: 745 | O255: 13 | P255: 0.908 | Q255: 0 | R255: value target
A256: 255 | B256: Jordan Lawlar | C256: ARI | D256: 3B | E256: 3B | F256: 392.455 | G256: 46.625 | H256: 39.444 | I256: 8.649 | J256: 13.822 | K256: 0.239 | L256: 0.308 | M256: 262.22 | N256: 7.22 | O256: 14 | P256: 0.907 | Q256: 0.017 | R256: balanced bat
A257: 256 | B257: Bryce Eldridge | C257: SFG | D257: 1B | E257: 1B | F257: 298.502 | G257: 32.398 | H257: 37.401 | I257: 11.231 | J257: 1.435 | K257: 0.232 | L257: 0.302 | M257: 999 | N257: 743 | O257: 14 | P257: 0.891 | Q257: 0.048 | R257: value target
A258: 257 | B258: Joey Bart | C258: PIT | D258: C | E258: C | F258: 285.254 | G258: 30.402 | H258: 30.41 | I258: 7.449 | J258: 1.271 | K258: 0.237 | L258: 0.322 | M258: 999 | N258: 742 | O258: 14 | P258: 0.843 | Q258: 0.014 | R258: value target
A259: 258 | B259: Brooks Baldwin | C259: CHW | D259: OF | E259: OF | F259: 316.773 | G259: 34.927 | H259: 35.008 | I259: 10.357 | J259: 6.204 | K259: 0.243 | L259: 0.296 | M259: 747.99 | N259: 489.99 | O259: 14 | P259: 0.829 | Q259: 0.023 | R259: value target
A260: 259 | B260: Bo Naylor | C260: CLE | D260: C | E260: C | F260: 431.234 | G260: 48.744 | H260: 49.937 | I260: 16.139 | J260: 4.34 | K260: 0.217 | L260: 0.302 | M260: 590.95 | N260: 331.95 | O260: 14 | P260: 0.806 | Q260: 0.001 | R260: value target
A261: 260 | B261: Dominic Canzone | C261: SEA | D261: OF | E261: OF | F261: 388.974 | G261: 43.237 | H261: 48.325 | I261: 14.402 | J261: 3.734 | K261: 0.24 | L261: 0.3 | M261: 476.49 | N261: 216.49 | O261: 14 | P261: 0.805 | Q261: 0.001 | R261: value target
A262: 261 | B262: Carlos Santana | C262: ARI | D262: 1B | E262: 1B | F262: 326.797 | G262: 34.926 | H262: 37.261 | I262: 9.349 | J262: 2.949 | K262: 0.226 | L262: 0.306 | M262: 999 | N262: 738 | O262: 14 | P262: 0.804 | Q262: 0.03 | R262: value target
A263: 262 | B263: Zach McKinstry | C263: DET | D263: 3B | E263: 3B | F263: 375.332 | G263: 43.653 | H263: 34.214 | I263: 7.358 | J263: 12.59 | K263: 0.234 | L263: 0.305 | M263: 509.7 | N263: 247.7 | O263: 14 | P263: 0.773 | Q263: 0.045 | R263: value target
A264: 263 | B264: Dane Myers | C264: CIN | D264: OF | E264: OF | F264: 226.349 | G264: 25.276 | H264: 23.361 | I264: 5.774 | J264: 7.776 | K264: 0.242 | L264: 0.302 | M264: 999 | N264: 736 | O264: 14 | P264: 0.728 | Q264: 0.044 | R264: value target
A265: 264 | B265: Kyle Teel | C265: CHW | D265: C | E265: C | F265: 365.729 | G265: 42.653 | H265: 37.895 | I265: 10.164 | J265: 4.846 | K265: 0.247 | L265: 0.333 | M265: 256.05 | N265: -7.95 | O265: 14 | P265: 0.684 | Q265: 0.004 | R265: ratio stabilizer
A266: 265 | B266: Rob Refsnyder | C266: SEA | D266: OF | E266: OF | F266: 220.384 | G266: 25.973 | H266: 25.091 | I266: 6.917 | J266: 2.532 | K266: 0.239 | L266: 0.325 | M266: 999 | N266: 734 | O266: 14 | P266: 0.681 | Q266: 0.006 | R266: value target
... A288: 287 | B288: Ryan Ritter | C288: COL | D288: SS | E288: SS | F288: 220.688 | G288: 24.89 | H288: 21.768 | I288: 4.454 | J288: 3.681 | K288: 0.245 | L288: 0.311 | M288: 999 | N288: 712 | O288: 15 | P288: 0.169 | Q288: 0.034 | R288: value target
A289: 288 | B289: Alan Roden | C289: MIN | D289: BAT | F289: 190.25 | G289: 21.523 | H289: 18.167 | I289: 3.404 | J289: 2.928 | K289: 0.25 | L289: 0.325 | M289: 999 | N289: 711 | O289: 15 | P289: 0.135 | Q289: 0.026 | R289: value target
A290: 289 | B290: Carson Williams | C290: TBR | D290: SS | E290: SS | F290: 402.086 | G290: 44.871 | H290: 43.988 | I290: 13.008 | J290: 10.404 | K290: 0.208 | L290: 0.277 | M290: 739.01 | N290: 450.01 | O290: 15 | P290: 0.109 | Q290: 0.032 | R290: value target
A291: 290 | B291: Samuel Basallo | C291: BAL | D291: C | E291: C | F291: 404.673 | G291: 47.098 | H291: 51.655 | I291: 16.084 | J291: 2.632 | K291: 0.239 | L291: 0.304 | M291: 163.87 | N291: -126.13 | O291: 15 | P291: 0.077 | Q291: 0.02 | R291: balanced bat
A292: 291 | B292: Tommy Pham | D292: BAT | F292: 200.783 | G292: 22.906 | H292: 20.891 | I292: 5.095 | J292: 3.297 | K292: 0.242 | L292: 0.314 | M292: 999 | N292: 708 | O292: 15 | P292: 0.057 | Q292: 0.003 | R292: value target
A293: 292 | B293: José Fermín | C293: STL | D293: BAT | F293: 160.061 | G293: 17.978 | H293: 14.668 | I293: 2.726 | J293: 5.252 | K293: 0.244 | L293: 0.332 | M293: 999 | N293: 707 | O293: 15 | P293: 0.054 | Q293: 0.063 | R293: value target
A294: 293 | B294: Tyler Stephenson | C294: CIN | D294: C | E294: C | F294: 416.388 | G294: 45.994 | H294: 48.724 | I294: 13.744 | J294: 1.054 | K294: 0.235 | L294: 0.315 | M294: 292.79 | N294: -0.21 | O294: 15 | P294: -0.009 | Q294: 0.084 | R294: balanced bat
A295: 294 | B295: Casey Schmitt | C295: SFG | D295: 2B | E295: 2B | F295: 245.825 | G295: 26.291 | H295: 27.788 | I295: 7.843 | J295: 1.383 | K295: 0.239 | L295: 0.297 | M295: 999 | N295: 705 | O295: 15 | P295: -0.093 | Q295: 0.032 | R295: value target
A296: 295 | B296: Liam Hicks | C296: MIA | D296: BAT | F296: 293.25 | G296: 28.999 | H296: 27.465 | I296: 4.025 | J296: 1.416 | K296: 0.242 | L296: 0.335 | M296: 748.32 | N296: 453.32 | O296: 15 | P296: -0.125 | Q296: 0.009 | R296: value target
A297: 296 | B297: Michael Massey | C297: KCR | D297: 2B | E297: 2B | F297: 258.256 | G297: 26.81 | H297: 29.555 | I297: 7.286 | J297: 1.925 | K297: 0.244 | L297: 0.287 | M297: 999 | N297: 703 | O297: 15 | P297: -0.133 | Q297: 0.003 | R297: value target
A298: 297 | B298: Joey Loperfido | C298: HOU | D298: BAT | F298: 350.002 | G298: 38.151 | H298: 35.154 | I298: 8.066 | J298: 6.276 | K298: 0.23 | L298: 0.291 | M298: 748.27 | N298: 451.27 | O298: 15 | P298: -0.136 | Q298: 0.008 | R298: value target
A299: 298 | B299: Otto Kemp | C299: PHI | D299: BAT | F299: 206.458 | G299: 23.929 | H299: 23.539 | I299: 6.143 | J299: 3.588 | K299: 0.234 | L299: 0.306 | M299: 999 | N299: 701 | O299: 15 | P299: -0.145 | Q299: 0.028 | R299: value target
A300: 299 | B300: José Tena | C300: WSN | D300: 3B | E300: 3B | F300: 214.614 | G300: 21.84 | H300: 20.276 | I300: 3.737 | J300: 6.114 | K300: 0.243 | L300: 0.299 | M300: 999 | N300: 700 | O300: 15 | P300: -0.173 | Q300: 0.022 | R300: value target
A301: 300 | B301: Ezequiel Duran | C301: TEX | D301: 3B | E301: 3B | F301: 250.835 | G301: 26.796 | H301: 23.879 | I301: 5.129 | J301: 7.318 | K301: 0.238 | L301: 0.283 | M301: 999 | N301: 699 | O301: 15 | P301: -0.195 | Q301: 0.003 | R301: value target
A302: 301 | B302: Darell Hernaiz | C302: ATH | D302: BAT | F302: 176.052 | G302: 18.965 | H302: 16.101 | I302: 2.378 | J302: 3.207 | K302: 0.258 | L302: 0.315 | M302: 999 | N302: 698 | O302: 15 | P302: -0.198 | Q302: 0.002 | R302: value target
A303: 302 | B303: Ryan Mountcastle | C303: BAL | D303: BAT | F303: 174.295 | G303: 19.938 | H303: 21.264 | I303: 5.663 | J303: 1.011 | K303: 0.256 | L303: 0.305 | M303: 999 | N303: 697 | O303: 15 | P303: -0.201 | Q303: 0.032 | R303: value target
A304: 303 | B304: George Valera | C304: CLE | D304: OF | E304: OF | F304: 334.813 | G304: 37.364 | H304: 36.613 | I304: 10.985 | J304: 2.314 | K304: 0.223 | L304: 0.303 | M304: 748.08 | N304: 445.08 | O304: 15 | P304: -0.232 | Q304: 0 | R304: value target
A305: 304 | B305: Lenyn Sosa | C305: CHW | D305: 2B | E305: 2B | F305: 380.162 | G305: 38.703 | H305: 44.804 | I305: 12.614 | J305: 2.152 | K305: 0.249 | L305: 0.283 | M305: 491.6 | N305: 187.6 | O305: 15 | P305: -0.233 | Q305: 0.006 | R305: value target
A306: 305 | B306: Max Muncy | C306: ATH | D306: 3B | E306: 3B | F306: 350.791 | G306: 37.711 | H306: 38.095 | I306: 10.223 | J306: 3.905 | K306: 0.234 | L306: 0.29 | M306: 677.31 | N306: 372.31 | O306: 15 | P306: -0.239 | Q306: 0.026 | R306: value target
A307: 306 | B307: Matt Shaw | C307: CHC | D307: 3B | E307: 3B | F307: 281.818 | G307: 34.544 | H307: 29.801 | I307: 7.73 | J307: 10.284 | K307: 0.24 | L307: 0.312 | M307: 336.34 | N307: 30.34 | O307: 15 | P307: -0.265 | Q307: 0.019 | R307: value target
A308: 307 | B308: Andrés Chaparro | C308: WSN | D308: 1B | E308: 1B | F308: 267.837 | G308: 27.488 | H308: 32.212 | I308: 8.638 | J308: 1.156 | K308: 0.229 | L308: 0.296 | M308: 999 | N308: 692 | O308: 15 | P308: -0.284 | Q308: 0.064 | R308: value target
A309: 308 | B309: Luis Campusano | C309: SDP | D309: C | E309: C | F309: 233.883 | G309: 25.405 | H309: 25.862 | I309: 6.598 | J309: 0.695 | K309: 0.236 | L309: 0.307 | M309: 999 | N309: 691 | O309: 15 | P309: -0.348 | Q309: 0.007 | R309: value target
A310: 309 | B310: Austin Wells | C310: NYY | D310: C | E310: C | F310: 421.891 | G310: 48.217 | H310: 53.004 | I310: 17.108 | J310: 4.071 | K310: 0.223 | L310: 0.295 | M310: 248.33 | N310: -60.67 | O310: 15 | P310: -0.355 | Q310: 0.033 | R310: balanced bat
A311: 310 | B311: Griffin Conine | C311: MIA | D311: OF | E311: OF | F311: 329.269 | G311: 33.724 | H311: 36.597 | I311: 10.149 | J311: 1.322 | K311: 0.216 | L311: 0.293 | M311: 999 | N311: 689 | O311: 15 | P311: -0.388 | Q311: 0.02 | R311: value target
A312: 311 | B312: Thomas Saggese | C312: STL | D312: 2B | E312: 2B | F312: 235.525 | G312: 24.257 | H312: 23.695 | I312: 4.746 | J312: 2.837 | K312: 0.244 | L312: 0.296 | M312: 999 | N312: 688 | O312: 15 | P312: -0.408 | Q312: 0.028 | R312: value target
A313: 312 | B313: Vaughn Grissom | C313: LAA | D313: 2B | E313: 2B | F313: 199.342 | G313: 21.022 | H313: 18.638 | I313: 3.725 | J313: 3.204 | K313: 0.245 | L313: 0.309 | M313: 999 | N313: 687 | O313: 15 | P313: -0.436 | Q313: 0.04 | R313: value target
A314: 313 | B314: Tyrone Taylor | C314: NYM | D314: OF | E314: OF | F314: 256.742 | G314: 28.7 | H314: 25.383 | I314: 5.654 | J314: 6.893 | K314: 0.229 | L314: 0.281 | M314: 999 | N314: 686 | O314: 15 | P314: -0.476 | Q314: 0.021 | R314: value target
A315: 314 | B315: Oswald Peraza | C315: LAA | D315: 3B | E315: 3B | F315: 258.204 | G315: 27.725 | H315: 24.833 | I315: 7.029 | J315: 8.381 | K315: 0.218 | L315: 0.283 | M315: 999 | N315: 685 | O315: 15 | P315: -0.497 | Q315: 0.025 | R315: value target
...

Sheet pitchers_board
A1: final_rank | B1: player_name | C1: team | D1: inferred_role | E1: IP | F1: QS | G1: K | H1: ERA | I1: WHIP | J1: Saves_plus_Holds | K1: adp | L1: adp_gap | M1: tier | N1: final_score | O1: dropoff_to_next | P1: note
A2: 1 | B2: Tarik Skubal | C2: DET | D2: SP | E2: 195.161 | F2: 20.66 | G2: 237.37 | H2: 2.732 | I2: 0.991 | J2: 0 | K2: 6.91 | L2: 5.91 | M2: 1 | N2: 13.014 | O2: 1.379 | P2: strikeout arm
A3: 2 | B3: Paul Skenes | C3: PIT | D3: SP | E3: 189.148 | F3: 19.699 | G3: 227.237 | H3: 2.833 | I3: 1.059 | J3: 0 | K3: 9.66 | L3: 7.66 | M3: 2 | N3: 11.635 | O3: 0.468 | P3: strikeout arm
A4: 3 | B4: Garrett Crochet | C4: BOS | D4: SP | E4: 189.961 | F4: 19.217 | G4: 234.562 | H4: 3.001 | I4: 1.074 | J4: 0 | K4: 12.1 | L4: 9.1 | M4: 3 | N4: 11.167 | O4: 2.072 | P4: strikeout arm
A5: 4 | B5: Chris Sale | C5: ATL | D5: SP | E5: 163.023 | F5: 16.288 | G5: 199.097 | H5: 3.175 | I5: 1.093 | J5: 0 | K5: 39.21 | L5: 35.21 | M5: 4 | N5: 9.096 | O5: 0.268 | P5: strikeout arm
A6: 5 | B6: Bryan Woo | C6: SEA | D6: SP | E6: 190.426 | F6: 17.579 | G6: 191.768 | H6: 3.488 | I6: 1.08 | J6: 0 | K6: 34.9 | L6: 29.9 | M6: 4 | N6: 8.828 | O6: 0.046 | P6: strikeout arm
A7: 6 | B7: Cristopher Sánchez | C7: PHI | D7: SP | E7: 194.47 | F7: 19.035 | G7: 188.252 | H7: 3.18 | I7: 1.161 | J7: 0 | K7: 25.17 | L7: 19.17 | M7: 4 | N7: 8.782 | O7: 0.376 | P7: strikeout arm
A8: 7 | B8: Logan Webb | C8: SFG | D8: SP | E8: 198.436 | F8: 19.099 | G8: 188.076 | H8: 3.271 | I8: 1.19 | J8: 0.071 | K8: 57.73 | L8: 50.73 | M8: 4 | N8: 8.406 | O8: 0.149 | P8: strikeout arm
A9: 8 | B9: Logan Gilbert | C9: SEA | D9: SP | E9: 166.138 | F9: 15.346 | G9: 183.206 | H9: 3.413 | I9: 1.075 | J9: 0 | K9: 37.11 | L9: 29.11 | M9: 4 | N9: 8.257 | O9: 0.045 | P9: strikeout arm
A10: 9 | B10: Jacob deGrom | C10: TEX | D10: SP | E10: 166.575 | F10: 15.1 | G10: 189.055 | H10: 3.483 | I10: 1.078 | J10: 0 | K10: 49.97 | L10: 40.97 | M10: 4 | N10: 8.212 | O10: 0.174 | P10: strikeout arm
A11: 10 | B11: Mason Miller | C11: SDP | D11: RP | E11: 65.349 | F11: 0.021 | G11: 102.588 | H11: 2.436 | I11: 0.986 | J11: 34.456 | K11: 28.08 | L11: 18.08 | M11: 4 | N11: 8.038 | O11: 0.191 | P11: RP saves+holds
A12: 11 | B12: Zack Wheeler | C12: PHI | D12: SP | E12: 145.378 | F12: 14.533 | G12: 164.917 | H12: 3.266 | I12: 1.092 | J12: 0 | K12: 111.97 | L12: 100.97 | M12: 4 | N12: 7.847 | O12: 0.018 | P12: strikeout arm
A13: 12 | B13: Cole Ragans | C13: KCR | D13: SP | E13: 163.259 | F13: 15.557 | G13: 201.553 | H13: 3.382 | I13: 1.165 | J13: 0 | K13: 47.78 | L13: 35.78 | M13: 4 | N13: 7.829 | O13: 0.053 | P13: strikeout arm
... A288: 287 | B288: Cody Bradford | C288: TEX | D288: P | E288: 65.529 | F288: 2.723 | G288: 57.568 | H288: 4.259 | I288: 1.214 | J288: 0.851 | K288: 999 | L288: 712 | M288: 13 | N288: 2.098 | O288: 0.007 | P288: pitching depth
A289: 288 | B289: Luis Garcia | D289: RP | E289: 47.566 | F289: 0.225 | G289: 44.106 | H289: 4.099 | I289: 1.296 | J289: 9.429 | K289: 999 | L289: 711 | M289: 13 | N289: 2.091 | O289: 0.017 | P289: pitching depth
A290: 289 | B290: Matt Gage | C290: SFG | D290: RP | E290: 54.335 | F290: 0 | G290: 46.871 | H290: 3.882 | I290: 1.328 | J290: 8.49 | K290: 999 | L290: 710 | M290: 13 | N290: 2.074 | O290: 0.013 | P290: pitching depth
A291: 290 | B291: Jordan Hicks | C291: CHW | D291: RP | E291: 60.654 | F291: 0.12 | G291: 56.453 | H291: 4.11 | I291: 1.379 | J291: 11.497 | K291: 999 | L291: 709 | M291: 13 | N291: 2.061 | O291: 0.012 | P291: pitching depth
A292: 291 | B292: Grant Anderson | C292: MIL | D292: RP | E292: 56.044 | F292: 0 | G292: 55.572 | H292: 4.181 | I292: 1.315 | J292: 9.138 | K292: 999 | L292: 708 | M292: 13 | N292: 2.049 | O292: 0.005 | P292: pitching depth
A293: 292 | B293: Cole Sulser | C293: TBR | D293: RP | E293: 54.657 | F293: 0 | G293: 49.312 | H293: 4.094 | I293: 1.302 | J293: 8.75 | K293: 999 | L293: 707 | M293: 13 | N293: 2.044 | O293: 0.004 | P293: pitching depth
A294: 293 | B294: Anthony Kay | C294: CHW | D294: SP | E294: 134.589 | F294: 9.07 | G294: 109.505 | H294: 4.318 | I294: 1.393 | J294: 0.574 | K294: 717.81 | L294: 424.81 | M294: 13 | N294: 2.04 | O294: 0.011 | P294: SP value
A295: 294 | B295: Josh Sborz | C295: TEX | D295: RP | E295: 51.611 | F295: 0 | G295: 52.659 | H295: 4.088 | I295: 1.313 | J295: 8.554 | K295: 999 | L295: 705 | M295: 13 | N295: 2.029 | O295: 0.004 | P295: pitching depth
A296: 295 | B296: Jalen Beeks | C296: TEX | D296: RP | E296: 53.775 | F296: 0 | G296: 48.676 | H296: 3.953 | I296: 1.33 | J296: 8.736 | K296: 999 | L296: 704 | M296: 13 | N296: 2.024 | O296: 0.009 | P296: pitching depth
A297: 296 | B297: Cade Horton | C297: CHC | D297: SP | E297: 129.815 | F297: 9.677 | G297: 113.029 | H297: 4.112 | I297: 1.268 | J297: 0 | K297: 179.83 | L297: -116.17 | M297: 13 | N297: 2.015 | O297: 0.001 | P297: pitching depth
A298: 297 | B298: Ryne Stanek | C298: STL | D298: RP | E298: 58.414 | F298: 0 | G298: 59.753 | H298: 4.118 | I298: 1.355 | J298: 15.904 | K298: 748.14 | L298: 451.14 | M298: 13 | N298: 2.014 | O298: 0.018 | P298: RP saves+holds
A299: 298 | B299: Ryan Zeferjahn | C299: LAA | D299: RP | E299: 59.491 | F299: 0 | G299: 64.774 | H299: 4.386 | I299: 1.392 | J299: 13.42 | K299: 999 | L299: 701 | M299: 13 | N299: 1.996 | O299: 0.005 | P299: pitching depth
A300: 299 | B300: Tyler Wells | C300: BAL | D300: P | E300: 70.34 | F300: 2.001 | G300: 64.376 | H300: 4.302 | I300: 1.204 | J300: 6.302 | K300: 748.25 | L300: 449.25 | M300: 13 | N300: 1.991 | O300: 0.001 | P300: pitching depth
A301: 300 | B301: Jacob Webb | C301: CHC | D301: RP | E301: 53.679 | F301: 0 | G301: 50.22 | H301: 4.259 | I301: 1.304 | J301: 10.068 | K301: 999 | L301: 699 | M301: 13 | N301: 1.99 | O301: 0.012 | P301: pitching depth
... A343: 342 | B343: Connor Phillips | C343: CIN | D343: RP | E343: 56.318 | F343: 0 | G343: 60.29 | H343: 4.42 | I343: 1.368 | J343: 9.877 | K343: 999 | L343: 657 | M343: 15 | N343: 1.426 | O343: 0.004 | P343: pitching depth
A344: 343 | E344: 28 | F344: 0 | G344: 30.645 | H344: 3.516 | I344: 1.181 | J344: 0.87 | K344: 999 | L344: 656 | M344: 15 | N344: 1.421 | O344: 0.005 | P344: pitching depth
A345: 344 | B345: Will Klein | C345: LAD | D345: RP | E345: 54.912 | F345: 0 | G345: 59.336 | H345: 4.264 | I345: 1.453 | J345: 12.579 | K345: 999 | L345: 655 | M345: 15 | N345: 1.416 | O345: 0.019 | P345: pitching depth
A346: 345 | B346: Hunter Bigge | C346: TBR | D346: RP | E346: 50.215 | F346: 0 | G346: 50.843 | H346: 4.171 | I346: 1.333 | J346: 6.973 | K346: 999 | L346: 654 | M346: 15 | N346: 1.398 | O346: 0.006 | P346: pitching depth
A347: 346 | B347: Sam Hentges | C347: SFG | D347: RP | E347: 28.973 | F347: 0 | G347: 29.424 | H347: 3.406 | I347: 1.237 | J347: 2.033 | K347: 999 | L347: 653 | M347: 15 | N347: 1.392 | O347: 0.005 | P347: pitching depth
A348: 347 | B348: DL Hall | C348: MIL | D348: RP | E348: 53.114 | F348: 0.004 | G348: 51.849 | H348: 3.989 | I348: 1.338 | J348: 5.891 | K348: 999 | L348: 652 | M348: 15 | N348: 1.387 | O348: 0.053 | P348: pitching depth
A349: 348 | B349: Kyle Harrison | C349: MIL | D349: SP | E349: 103.804 | F349: 6.207 | G349: 104.129 | H349: 4.27 | I349: 1.321 | J349: 1.026 | K349: 475.18 | L349: 127.18 | M349: 15 | N349: 1.334 | O349: 0.002 | P349: SP value
A350: 349 | B350: Kevin Kelly | C350: TBR | D350: RP | E350: 41.341 | F350: 0 | G350: 36.233 | H350: 3.879 | I350: 1.211 | J350: 1.909 | K350: 999 | L350: 650 | M350: 15 | N350: 1.332 | O350: 0.005 | P350: pitching depth
A351: 350 | B351: Hayden Harris | C351: ATL | D351: RP | E351: 45.518 | F351: 0 | G351: 48.311 | H351: 3.961 | I351: 1.317 | J351: 4.967 | K351: 999 | L351: 649 | M351: 15 | N351: 1.327 | O351: 0.011 | P351: pitching depth
A352: 351 | B352: Victor Vodnik | C352: COL | D352: RP | E352: 63.342 | F352: 0 | G352: 61.555 | H352: 4.348 | I352: 1.472 | J352: 25.941 | K352: 516.66 | L352: 165.66 | M352: 15 | N352: 1.316 | O352: 0.017 | P352: RP saves+holds
A353: 352 | B353: Kyle Leahy | C353: STL | D353: SP | E353: 118.406 | F353: 5.776 | G353: 96.093 | H353: 4.325 | I353: 1.374 | J353: 1.233 | K353: 734.79 | L353: 382.79 | M353: 15 | N353: 1.299 | O353: 0.044 | P353: SP value
A354: 353 | B354: Michael Kelly | C354: ATH | D354: RP | E354: 58.273 | F354: 0 | G354: 50.907 | H354: 4.488 | I354: 1.41 | J354: 13.463 | K354: 999 | L354: 646 | M354: 15 | N354: 1.255 | O354: 0.012 | P354: pitching depth
A355: 354 | B355: Javier Assad | C355: CHC | D355: P | E355: 63.432 | F355: 1.174 | G355: 53.503 | H355: 4.108 | I355: 1.332 | J355: 3.852 | K355: 999 | L355: 645 | M355: 15 | N355: 1.243 | O355: 0.006 | P355: pitching depth
A356: 355 | B356: Yoendrys Gómez | C356: TBR | D356: P | E356: 56.502 | F356: 0.778 | G356: 56.879 | H356: 4.219 | I356: 1.3 | J356: 3.293 | K356: 999 | L356: 644 | M356: 15 | N356: 1.237 | O356: 0.011 | P356: pitching depth
... A359: 358 | B359: Cristian Javier | C359: HOU | D359: SP | E359: 147.233 | F359: 10.197 | G359: 135.029 | H359: 4.777 | I359: 1.359 | J359: 0 | K359: 475.05 | L359: 117.05 | M359: 15 | N359: 1.165 | O359: 0.006 | P359: strikeout arm
A360: 359 | B360: Lucas Giolito | D360: SP | E360: 114.628 | F360: 8.452 | G360: 102.777 | H360: 4.654 | I360: 1.376 | J360: 0 | K360: 726.63 | L360: 367.63 | M360: 15 | N360: 1.159 | O360: 0.005 | P360: SP value
A361: 360 | B361: Cole Henry | C361: WSN | D361: RP | E361: 63.298 | F361: 0 | G361: 59.199 | H361: 4.771 | I361: 1.451 | J361: 23.334 | K361: 734.92 | L361: 374.92 | M361: 15 | N361: 1.155 | O361: 0.006 | P361: RP saves+holds
A362: 361 | B362: Roki Sasaki | C362: LAD | D362: SP | E362: 111.952 | F362: 7.272 | G362: 109.402 | H362: 4.185 | I362: 1.318 | J362: 1.134 | K362: 278.46 | L362: -82.54 | M362: 15 | N362: 1.149 | O362: 0.02 | P362: pitching depth
A363: 362 | B363: Justin Wilson | D363: RP | E363: 30.094 | F363: 0 | G363: 32.052 | H363: 3.742 | I363: 1.265 | J363: 3.361 | K363: 999 | L363: 637 | M363: 15 | N363: 1.129 | O363: 0.034 | P363: pitching depth
A364: 363 | B364: Alex Cobb | D364: SP | E364: 42.9 | F364: 2.05 | G364: 33.854 | H364: 3.967 | I364: 1.265 | J364: 0.684 | K364: 999 | L364: 636 | M364: 15 | N364: 1.095 | O364: 0.001 | P364: SP value
A365: 364 | B365: Cionel Pérez | C365: WSN | D365: RP | E365: 54.068 | F365: 0 | G365: 47.014 | H365: 4.178 | I365: 1.465 | J365: 12.418 | K365: 999 | L365: 635 | M365: 16 | N365: 1.094 | O365: 0.007 | P365: pitching depth
A366: 365 | B366: Andrew Alvarez | C366: WSN | D366: SP | E366: 85.439 | F366: 4.66 | G366: 62.272 | H366: 4.252 | I366: 1.397 | J366: 0.918 | K366: 999 | L366: 634 | M366: 16 | N366: 1.087 | O366: 0.008 | P366: SP value
A367: 366 | B367: George Soriano | C367: STL | D367: RP | E367: 51.564 | F367: 0 | G367: 47.094 | H367: 4.36 | I367: 1.36 | J367: 8.825 | K367: 999 | L367: 633 | M367: 16 | N367: 1.079 | O367: 0.009 | P367: pitching depth
A368: 367 | B368: Chase Silseth | C368: LAA | D368: RP | E368: 52.584 | F368: 0 | G368: 51.804 | H368: 4.146 | I368: 1.35 | J368: 6.111 | K368: 999 | L368: 632 | M368: 16 | N368: 1.07 | O368: 0.01 | P368: pitching depth
A369: 368 | B369: Bryce Elder | C369: ATL | D369: SP | E369: 113.306 | F369: 7.926 | G369: 92.864 | H369: 4.537 | I369: 1.387 | J369: 0.748 | K369: 736.99 | L369: 368.99 | M369: 16 | N369: 1.061 | O369: 0.004 | P369: SP value
A370: 369 | B370: Kyle Backhus | C370: PHI | D370: RP | E370: 46.659 | F370: 0 | G370: 43.052 | H370: 4.241 | I370: 1.342 | J370: 7.259 | K370: 999 | L370: 630 | M370: 16 | N370: 1.056 | O370: 0.013 | P370: pitching depth
A371: 370 | B371: Chris Murphy | C371: CHW | D371: RP | E371: 52.87 | F371: 0 | G371: 48.354 | H371: 4.16 | I371: 1.389 | J371: 7.864 | K371: 999 | L371: 629 | M371: 16 | N371: 1.043 | O371: 0.013 | P371: pitching depth
A372: 371 | B372: Kyle Freeland | C372: COL | D372: SP | E372: 162.309 | F372: 10.935 | G372: 120.208 | H372: 5.105 | I372: 1.425 | J372: 0 | K372: 999 | L372: 628 | M372: 16 | N372: 1.03 | O372: 0.002 | P372: strikeout arm
A373: 372 | B373: Kai-Wei Teng | C373: HOU | D373: P | E373: 55.18 | F373: 0.841 | G373: 55.24 | H373: 4.31 | I373: 1.34 | J373: 5.072 | K373: 999 | L373: 627 | M373: 16 | N373: 1.028 | O373: 0.012 | P373: pitching depth
A374: 373 | B374: Alex Lange | C374: KCR | D374: RP | E374: 48.863 | F374: 0 | G374: 51.496 | H374: 3.988 | I374: 1.411 | J374: 6.345 | K374: 999 | L374: 626 | M374: 16 | N374: 1.016 | O374: 0.001 | P374: pitching depth
A375: 374 | B375: Keaton Winn | C375: SFG | D375: RP | E375: 46.223 | F375: 0.767 | G375: 41.743 | H375: 3.92 | I375: 1.28 | J375: 0.889 | K375: 999 | L375: 625 | M375: 16 | N375: 1.015 | O375: 0.035 | P375: pitching depth
A376: 375 | B376: Corbin Burnes | C376: ARI | D376: SP | E376: 37.129 | F376: 3.42 | G376: 35.966 | H376: 3.66 | I376: 1.235 | J376: 0 | K376: 739.77 | L376: 364.77 | M376: 16 | N376: 0.98 | O376: 0.048 | P376: SP value
... A402: 401 | B402: Sam Moll | C402: CIN | D402: RP | E402: 48.095 | F402: 0 | G402: 47.303 | H402: 4.249 | I402: 1.356 | J402: 4.958 | K402: 999 | L402: 598 | M402: 17 | N402: 0.572 | O402: 0.005 | P402: pitching depth
A403: 402 | E403: 40 | F403: 0 | G403: 40.488 | H403: 3.713 | I403: 1.345 | J403: 0.796 | K403: 999 | L403: 597 | M403: 17 | N403: 0.567 | O403: 0.005 | P403: pitching depth
A404: 403 | B404: Stephen Kolek | C404: KCR | D404: P | E404: 68.166 | F404: 3.192 | G404: 49.184 | H404: 4.272 | I404: 1.37 | J404: 1.167 | K404: 999 | L404: 596 | M404: 17 | N404: 0.562 | O404: 0.016 | P404: pitching depth
A405: 404 | B405: Richard Lovelady | C405: NYM | D405: RP | E405: 39.478 | F405: 0 | G405: 35.556 | H405: 3.972 | I405: 1.285 | J405: 1.307 | K405: 999 | L405: 595 | M405: 17 | N405: 0.546 | O405: 0.008 | P405: pitching depth
A406: 405 | B406: Edgardo Henriquez | C406: LAD | D406: RP | E406: 43.466 | F406: 0 | G406: 44.757 | H406: 4.252 | I406: 1.363 | J406: 5.469 | K406: 999 | L406: 594 | M406: 17 | N406: 0.538 | O406: 0.02 | P406: pitching depth
A407: 406 | B407: Dylan Dodd | C407: ATL | D407: RP | E407: 40.531 | F407: 0 | G407: 34.754 | H407: 4.031 | I407: 1.272 | J407: 1.215 | K407: 999 | L407: 593 | M407: 17 | N407: 0.518 | O407: 0.01 | P407: pitching depth
A408: 407 | B408: Spencer Arrighetti | C408: HOU | D408: SP | E408: 88.064 | F408: 5.1 | G408: 87.346 | H408: 4.549 | I408: 1.364 | J408: 0.723 | K408: 726.33 | L408: 319.33 | M408: 17 | N408: 0.508 | O408: 0.011 | P408: SP value
A409: 408 | B409: Bradgley Rodriguez | C409: SDP | D409: RP | E409: 48.502 | F409: 0 | G409: 44.107 | H409: 4.151 | I409: 1.385 | J409: 5.634 | K409: 999 | L409: 591 | M409: 17 | N409: 0.497 | O409: 0.006 | P409: pitching depth
A410: 409 | B410: Ryan Brasier | D410: RP | E410: 34.243 | F410: 0.089 | G410: 30.302 | H410: 4 | I410: 1.246 | J410: 0.67 | K410: 999 | L410: 590 | M410: 17 | N410: 0.491 | O410: 0.004 | P410: pitching depth
A411: 410 | B411: Colin Selby | C411: BAL | D411: RP | E411: 41.805 | F411: 0 | G411: 43.049 | H411: 3.96 | I411: 1.327 | J411: 1.306 | K411: 999 | L411: 589 | M411: 17 | N411: 0.487 | O411: 0.009 | P411: pitching depth
A412: 411 | E412: 30.996 | F412: 0.798 | G412: 30.525 | H412: 4.118 | I412: 1.253 | J412: 0.799 | K412: 999 | L412: 588 | M412: 17 | N412: 0.478 | O412: 0.005 | P412: pitching depth
A413: 412 | B413: JP Sears | C413: SDP | D413: P | E413: 38.094 | F413: 1.579 | G413: 33.765 | H413: 4.43 | I413: 1.238 | J413: 0.737 | K413: 999 | L413: 587 | M413: 17 | N413: 0.473 | O413: 0.009 | P413: pitching depth
A414: 413 | B414: Roddery Muñoz | C414: HOU | D414: RP | E414: 51.584 | F414: 0.004 | G414: 51.415 | H414: 4.611 | I414: 1.398 | J414: 8.688 | K414: 999 | L414: 586 | M414: 17 | N414: 0.464 | O414: 0.019 | P414: pitching depth
A415: 414 | E415: 48 | F415: 0 | G415: 39.509 | H415: 4.019 | I415: 1.367 | J415: 4.075 | K415: 999 | L415: 585 | M415: 17 | N415: 0.446 | O415: 0.019 | P415: pitching depth
A416: 415 | B416: DJ Herz | C416: WSN | D416: P | E416: 28.567 | F416: 0.699 | G416: 31.808 | H416: 3.911 | I416: 1.313 | J416: 1.13 | K416: 999 | L416: 584 | M416: 17 | N416: 0.427 | O416: 0.023 | P416: pitching depth
A417: 416 | B417: Yaramil Hiraldo | C417: BAL | D417: RP | E417: 34.579 | F417: 0 | G417: 35.455 | H417: 4.139 | I417: 1.27 | J417: 1.429 | K417: 999 | L417: 583 | M417: 17 | N417: 0.404 | O417: 0.007 | P417: pitching depth
A418: 417 | E418: 28 | F418: 0 | G418: 26.892 | H418: 3.881 | I418: 1.258 | J418: 0.794 | K418: 999 | L418: 582 | M418: 17 | N418: 0.396 | O418: 0.006 | P418: pitching depth
A419: 418 | E419: 34 | F419: 0 | G419: 32.826 | H419: 3.794 | I419: 1.314 | J419: 0.835 | K419: 999 | L419: 581 | M419: 17 | N419: 0.39 | O419: 0.013 | P419: pitching depth
A420: 419 | B420: Brennan Bernardino | C420: COL | D420: RP | E420: 57 | F420: 0 | G420: 52.158 | H420: 4.488 | I420: 1.46 | J420: 10.364 | K420: 999 | L420: 580 | M420: 17 | N420: 0.378 | O420: 0.01 | P420: pitching depth
A421: 420 | B421: Zak Kent | C421: MIN | D421: RP | E421: 49.855 | F421: 0 | G421: 47.374 | H421: 4.24 | I421: 1.39 | J421: 5.434 | K421: 999 | L421: 579 | M421: 17 | N421: 0.368 | O421: 0.016 | P421: pitching depth
A422: 421 | B422: Ken Waldichuk | C422: WSN | D422: RP | E422: 46.987 | F422: 0.128 | G422: 45.573 | H422: 4.396 | I422: 1.404 | J422: 6.715 | K422: 999 | L422: 578 | M422: 17 | N422: 0.352 | O422: 0.002 | P422: pitching depth
A423: 422 | B423: Yuki Matsui | C423: SDP | D423: RP | E423: 44.344 | F423: 0 | G423: 45.127 | H423: 4.102 | I423: 1.341 | J423: 1.98 | K423: 999 | L423: 577 | M423: 17 | N423: 0.35 | O423: 0.009 | P423: pitching depth
A424: 423 | B424: Brandon Williamson | C424: CIN | D424: SP | E424: 85.02 | F424: 4.159 | G424: 72.41 | H424: 4.759 | I424: 1.38 | J424: 0.786 | K424: 999 | L424: 576 | M424: 17 | N424: 0.341 | O424: 0.02 | P424: SP value
A425: 424 | B425: Ryan Fernandez | C425: STL | D425: RP | E425: 41.013 | F425: 0 | G425: 41.303 | H425: 4.026 | I425: 1.351 | J425: 2.235 | K425: 999 | L425: 575 | M425: 18 | N425: 0.321 | O425: 0.048 | P425: pitching depth
A426: 425 | B426: Andre Granillo | C426: WSN | D426: RP | E426: 46.758 | F426: 0 | G426: 43.979 | H426: 4.431 | I426: 1.36 | J426: 5.711 | K426: 999 | L426: 574 | M426: 18 | N426: 0.273 | O426: 0.024 | P426: pitching depth
A427: 426 | E427: 30.72 | F427: 0.847 | G427: 29.395 | H427: 3.899 | I427: 1.333 | J427: 0.835 | K427: 999 | L427: 573 | M427: 18 | N427: 0.249 | O427: 0.006 | P427: pitching depth
A428: 427 | B428: Nick Sandlin | C428: LAA | D428: RP | E428: 42.202 | F428: 0 | G428: 42.517 | H428: 4.356 | I428: 1.35 | J428: 4.451 | K428: 999 | L428: 572 | M428: 18 | N428: 0.243 | O428: 0.015 | P428: pitching depth
A429: 428 | B429: Christian Scott | C429: NYM | D429: P | E429: 32.239 | F429: 1.096 | G429: 31.288 | H429: 3.897 | I429: 1.195 | J429: 0.806 | K429: 748.36 | L429: 320.36 | M429: 18 | N429: 0.228 | O429: 0.013 | P429: pitching depth
A430: 429 | B430: Luis Gil | C430: NYY | D430: SP | E430: 99.45 | F430: 4.775 | G430: 101.383 | H430: 4.27 | I430: 1.336 | J430: 0.62 | K430: 351.61 | L430: -77.39 | M430: 18 | N430: 0.216 | O430: 0.024 | P430: pitching depth
A431: 430 | B431: Brady Basso | C431: ATH | D431: RP | E431: 28.058 | F431: 0.005 | G431: 25.309 | H431: 3.94 | I431: 1.285 | J431: 1.227 | K431: 999 | L431: 569 | M431: 18 | N431: 0.191 | O431: 0.006 | P431: pitching depth
A432: 431 | B432: Yariel Rodríguez | C432: TOR | D432: RP | E432: 25.167 | F432: 0.007 | G432: 25.136 | H432: 4.041 | I432: 1.331 | J432: 3.637 | K432: 999 | L432: 568 | M432: 18 | N432: 0.185 | O432: 0.011 | P432: pitching depth
A433: 432 | B433: Luis Medina | C433: ATH | D433: P | E433: 72.789 | F433: 2.342 | G433: 66.929 | H433: 4.461 | I433: 1.398 | J433: 1.039 | K433: 999 | L433: 567 | M433: 18 | N433: 0.174 | O433: 0.006 | P433: pitching depth
A434: 433 | B434: Keider Montero | C434: DET | D434: P | E434: 53.042 | F434: 2.059 | G434: 44.894 | H434: 4.4 | I434: 1.34 | J434: 0.751 | K434: 999 | L434: 566 | M434: 18 | N434: 0.168 | O434: 0.016 | P434: pitching depth
A435: 434 | B435: Bailey Falter | C435: KCR | D435: P | E435: 71.755 | F435: 1.693 | G435: 54.329 | H435: 4.629 | I435: 1.348 | J435: 3.314 | K435: 999 | L435: 565 | M435: 18 | N435: 0.152 | O435: 0.002 | P435: pitching depth
A436: 435 | B436: Trevor McDonald | C436: SFG | D436: P | E436: 65.559 | F436: 3.175 | G436: 51.565 | H436: 4.117 | I436: 1.344 | J436: 1.164 | K436: 748.37 | L436: 313.37 | M436: 18 | N436: 0.149 | O436: 0.021 | P436: pitching depth
A437: 436 | E437: 30 | F437: 0 | G437: 29.95 | H437: 3.905 | I437: 1.315 | J437: 0.813 | K437: 999 | L437: 563 | M437: 18 | N437: 0.128 | O437: 0.003 | P437: pitching depth
A438: 437 | B438: Jonah Tong | C438: NYM | D438: P | E438: 28.545 | F438: 1.575 | G438: 32.14 | H438: 3.631 | I438: 1.254 | J438: 0.699 | K438: 711.95 | L438: 274.95 | M438: 18 | N438: 0.125 | O438: 0.006 | P438: pitching depth
A439: 438 | B439: Porter Hodge | C439: CHC | D439: RP | E439: 28.793 | F439: 0 | G439: 31.482 | H439: 3.975 | I439: 1.356 | J439: 2.514 | K439: 999 | L439: 561 | M439: 18 | N439: 0.119 | O439: 0.002 | P439: pitching depth
A440: 439 | B440: Sam Bachman | C440: LAA | D440: RP | E440: 51.405 | F440: 0 | G440: 44.008 | H440: 4.421 | I440: 1.45 | J440: 8.705 | K440: 999 | L440: 560 | M440: 18 | N440: 0.117 | O440: 0.004 | P440: pitching depth
A441: 440 | B441: Craig Yoho | C441: MIL | D441: RP | E441: 36.316 | F441: 0 | G441: 36.589 | H441: 4.011 | I441: 1.331 | J441: 0.914 | K441: 999 | L441: 559 | M441: 18 | N441: 0.113 | O441: 0.018 | P441: pitching depth
A442: 441 | B442: Jordan Montgomery | C442: TEX | D442: SP | E442: 47.931 | F442: 2.551 | G442: 38.067 | H442: 4.391 | I442: 1.344 | J442: 0.681 | K442: 999 | L442: 558 | M442: 18 | N442: 0.095 | O442: 0.007 | P442: SP value
...

Sheet tier_sheet
A1: board_type | B1: overall_rank | C1: player_name | D1: inferred_role | E1: tier | F1: final_score | G1: dropoff_to_next
A2: overall | B2: 1 | C2: Shohei Ohtani | D2: DH | E2: 1 | F2: 17.972 | G2: 0.861
A3: overall | B3: 2 | C3: Aaron Judge | D3: OF | E3: 2 | F3: 17.111 | G3: 1.186
A4: overall | B4: 3 | C4: Juan Soto | D4: OF | E4: 3 | F4: 15.925 | G4: 0.921
A5: overall | B5: 4 | C5: Bobby Witt Jr. | D5: SS | E5: 4 | F5: 15.005 | G5: 0.447
A6: overall | B6: 5 | C6: Ronald Acuña Jr. | D6: OF | E6: 4 | F6: 14.558 | G6: 1.543
A7: overall | B7: 6 | C7: Tarik Skubal | D7: SP | E7: 5 | F7: 13.014 | G7: 0.254
A8: overall | B8: 7 | C8: José Ramírez | D8: 3B | E8: 5 | F8: 12.761 | G8: 0.116
A9: overall | B9: 8 | C9: Vladimir Guerrero Jr. | D9: 1B | E9: 5 | F9: 12.645 | G9: 0.175
A10: overall | B10: 9 | C10: Fernando Tatis Jr. | D10: OF | E10: 5 | F10: 12.469 | G10: 0.524
A11: overall | B11: 10 | C11: Kyle Tucker | D11: OF | E11: 5 | F11: 11.945 | G11: 0.077
A12: overall | B12: 11 | C12: Corbin Carroll | D12: OF | E12: 5 | F12: 11.868 | G12: 0.151
A13: overall | B13: 12 | C13: Julio Rodríguez | D13: OF | E13: 5 | F13: 11.717 | G13: 0.081
... A568: overall | B568: 567 | C568: Jac Caglianone | D568: OF | E568: 24 | F568: 1.424 | G568: 0.002
A569: overall | B569: 568 | E569: 24 | F569: 1.421 | G569: 0.004
A570: overall | B570: 569 | C570: Spencer Steer | D570: 1B | E570: 24 | F570: 1.417 | G570: 0.001
A571: overall | B571: 570 | C571: Will Klein | D571: RP | E571: 24 | F571: 1.416 | G571: 0.013
A572: overall | B572: 571 | C572: Austin Hays | D572: OF | E572: 24 | F572: 1.404 | G572: 0.006
A573: overall | B573: 572 | C573: Hunter Bigge | D573: RP | E573: 24 | F573: 1.398 | G573: 0.006
A574: overall | B574: 573 | C574: Sam Hentges | D574: RP | E574: 24 | F574: 1.392 | G574: 0.005
A575: overall | B575: 574 | C575: DL Hall | D575: RP | E575: 24 | F575: 1.387 | G575: 0.009
A576: overall | B576: 575 | C576: Matt Vierling | D576: OF | E576: 24 | F576: 1.377 | G576: 0.03
A577: overall | B577: 576 | C577: Moisés Ballesteros | D577: C | E577: 24 | F577: 1.348 | G577: 0.014
A578: overall | B578: 577 | C578: Kyle Harrison | D578: SP | E578: 24 | F578: 1.334 | G578: 0.002
A579: overall | B579: 578 | C579: Kevin Kelly | D579: RP | E579: 24 | F579: 1.332 | G579: 0.005
A580: overall | B580: 579 | C580: Hayden Harris | D580: RP | E580: 24 | F580: 1.327 | G580: 0.001
A581: overall | B581: 580 | C581: Nolan Gorman | D581: 2B | E581: 24 | F581: 1.326 | G581: 0.009
... A673: overall | B673: 672 | C673: Sam Moll | D673: RP | E673: 27 | F673: 0.572 | G673: 0.005
A674: overall | B674: 673 | E674: 27 | F674: 0.567 | G674: 0.005
A675: overall | B675: 674 | C675: Stephen Kolek | D675: P | E675: 27 | F675: 0.562 | G675: 0.006
A676: overall | B676: 675 | C676: Masataka Yoshida | D676: DH | E676: 27 | F676: 0.556 | G676: 0.011
A677: overall | B677: 676 | C677: Richard Lovelady | D677: RP | E677: 27 | F677: 0.546 | G677: 0.008
A678: overall | B678: 677 | C678: Edgardo Henriquez | D678: RP | E678: 27 | F678: 0.538 | G678: 0.02
A679: overall | B679: 678 | C679: Dylan Dodd | D679: RP | E679: 28 | F679: 0.518 | G679: 0.01
A680: overall | B680: 679 | C680: Spencer Arrighetti | D680: SP | E680: 28 | F680: 0.508 | G680: 0.002
A681: overall | B681: 680 | C681: Jonny DeLuca | D681: OF | E681: 28 | F681: 0.506 | G681: 0.009
A682: overall | B682: 681 | C682: Bradgley Rodriguez | D682: RP | E682: 28 | F682: 0.497 | G682: 0.006
A683: overall | B683: 682 | C683: Ryan Brasier | D683: RP | E683: 28 | F683: 0.491 | G683: 0.004
A684: overall | B684: 683 | C684: Colin Selby | D684: RP | E684: 28 | F684: 0.487 | G684: 0.009
A685: overall | B685: 684 | E685: 28 | F685: 0.478 | G685: 0.005
A686: overall | B686: 685 | C686: JP Sears | D686: P | E686: 28 | F686: 0.473 | G686: 0.009
A687: overall | B687: 686 | C687: Roddery Muñoz | D687: RP | E687: 28 | F687: 0.464 | G687: 0.019
A688: overall | B688: 687 | E688: 28 | F688: 0.446 | G688: 0.019
A689: overall | B689: 688 | C689: DJ Herz | D689: P | E689: 28 | F689: 0.427 | G689: 0.023
A690: overall | B690: 689 | C690: Yaramil Hiraldo | D690: RP | E690: 28 | F690: 0.404 | G690: 0.007
A691: overall | B691: 690 | E691: 28 | F691: 0.396 | G691: 0.006
A692: overall | B692: 691 | E692: 28 | F692: 0.39 | G692: 0.013
A693: overall | B693: 692 | C693: Brennan Bernardino | D693: RP | E693: 28 | F693: 0.378 | G693: 0.01
A694: overall | B694: 693 | C694: Zak Kent | D694: RP | E694: 28 | F694: 0.368 | G694: 0.001
A695: overall | B695: 694 | C695: Giancarlo Stanton | D695: OF | E695: 28 | F695: 0.367 | G695: 0.005
A696: overall | B696: 695 | C696: Freddy Fermin | D696: C | E696: 28 | F696: 0.362 | G696: 0.01
A697: overall | B697: 696 | C697: Ben Williamson | D697: 3B | E697: 28 | F697: 0.353 | G697: 0.001
A698: overall | B698: 697 | C698: Ken Waldichuk | D698: RP | E698: 28 | F698: 0.352 | G698: 0.002
A699: overall | B699: 698 | C699: Yuki Matsui | D699: RP | E699: 28 | F699: 0.35 | G699: 0.009
A700: overall | B700: 699 | C700: Brandon Williamson | D700: SP | E700: 28 | F700: 0.341 | G700: 0.015
A701: overall | B701: 700 | C701: JJ Bleday | D701: OF | E701: 28 | F701: 0.326 | G701: 0.003
A702: overall | B702: 701 | C702: Danny Jansen | D702: C | E702: 28 | F702: 0.323 | G702: 0.002
A703: overall | B703: 702 | C703: Ryan Fernandez | D703: RP | E703: 28 | F703: 0.321 | G703: 0.008
A704: overall | B704: 703 | C704: Edmundo Sosa | D704: 2B | E704: 28 | F704: 0.313 | G704: 0
... A710: overall | B710: 709 | C710: Luke Raley | D710: OF | E710: 29 | F710: 0.249 | G710: 0
A711: overall | B711: 710 | E711: 29 | F711: 0.249 | G711: 0
A712: overall | B712: 711 | C712: Graham Pauley | D712: 3B | E712: 29 | F712: 0.249 | G712: 0.006
A713: overall | B713: 712 | C713: Nick Sandlin | D713: RP | E713: 29 | F713: 0.243 | G713: 0.015
A714: overall | B714: 713 | C714: Christian Scott | D714: P | E714: 29 | F714: 0.228 | G714: 0.013
A715: overall | B715: 714 | C715: Luis Gil | D715: SP | E715: 29 | F715: 0.216 | G715: 0.001
A716: overall | B716: 715 | C716: Sean Murphy | D716: C | E716: 29 | F716: 0.214 | G716: 0.023
A717: overall | B717: 716 | C717: Brady Basso | D717: RP | E717: 29 | F717: 0.191 | G717: 0.006
A718: overall | B718: 717 | C718: Yariel Rodríguez | D718: RP | E718: 29 | F718: 0.185 | G718: 0.011
A719: overall | B719: 718 | C719: Luis Medina | D719: P | E719: 29 | F719: 0.174 | G719: 0.005
A720: overall | B720: 719 | C720: Ryan Ritter | D720: SS | E720: 29 | F720: 0.169 | G720: 0.001
A721: overall | B721: 720 | C721: Keider Montero | D721: P | E721: 29 | F721: 0.168 | G721: 0.016
A722: overall | B722: 721 | C722: Bailey Falter | D722: P | E722: 29 | F722: 0.152 | G722: 0.002
A723: overall | B723: 722 | C723: Trevor McDonald | D723: P | E723: 29 | F723: 0.149 | G723: 0.014
A724: overall | B724: 723 | C724: Alan Roden | D724: BAT | E724: 29 | F724: 0.135 | G724: 0.007
A725: overall | B725: 724 | E725: 29 | F725: 0.128 | G725: 0.003
A726: overall | B726: 725 | C726: Jonah Tong | D726: P | E726: 29 | F726: 0.125 | G726: 0.006
A727: overall | B727: 726 | C727: Porter Hodge | D727: RP | E727: 29 | F727: 0.119 | G727: 0.002
A728: overall | B728: 727 | C728: Sam Bachman | D728: RP | E728: 29 | F728: 0.117 | G728: 0.004
A729: overall | B729: 728 | C729: Craig Yoho | D729: RP | E729: 29 | F729: 0.113 | G729: 0.004
A730: overall | B730: 729 | C730: Carson Williams | D730: SS | E730: 29 | F730: 0.109 | G730: 0.013
A731: overall | B731: 730 | C731: Jordan Montgomery | D731: SP | E731: 29 | F731: 0.095 | G731: 0.007
A732: overall | B732: 731 | C732: Colin Holderman | D732: RP | E732: 29 | F732: 0.088 | G732: 0.007
A733: overall | B733: 732 | C733: Gordon Graceffo | D733: RP | E733: 29 | F733: 0.081 | G733: 0.004
A734: overall | B734: 733 | C734: Samuel Basallo | D734: C | E734: 29 | F734: 0.077 | G734: 0.007
A735: overall | B735: 734 | E735: 29 | F735: 0.071 | G735: 0.014
A736: overall | B736: 735 | C736: Tommy Pham | D736: BAT | E736: 29 | F736: 0.057 | G736: 0.003
A737: overall | B737: 736 | C737: José Fermín | D737: BAT | E737: 29 | F737: 0.054 | G737: 0.011
A738: overall | B738: 737 | C738: Evan Sisk | D738: RP | E738: 29 | F738: 0.043 | G738: 0.012
A739: overall | B739: 738 | C739: Gregory Santos | D739: RP | E739: 30 | F739: 0.031 | G739: 0.007
A740: overall | B740: 739 | C740: Carson Whisenhunt | D740: SP | E740: 30 | F740: 0.023 | G740: 0.008
A741: overall | B741: 740 | C741: Jordan Wicks | D741: P | E741: 30 | F741: 0.015 | G741: 0.001
A742: overall | B742: 741 | C742: Michael Lorenzen | D742: SP | E742: 30 | F742: 0.015 | G742: 0.011
A743: overall | B743: 742 | C743: Beau Brieske | D743: RP | E743: 30 | F743: 0.003 | G743: 0.012
A744: overall | B744: 743 | C744: Tyler Stephenson | D744: C | E744: 30 | F744: -0.009 | G744: 0.005
A745: overall | B745: 744 | C745: Jesse Scholtens | D745: RP | E745: 30 | F745: -0.014 | G745: 0.001
A746: overall | B746: 745 | C746: Jonathan Cannon | D746: SP | E746: 30 | F746: -0.015 | G746: 0.017
A747: overall | B747: 746 | E747: 30 | F747: -0.032 | G747: 0.009
A748: overall | B748: 747 | C748: Nate Pearson | D748: RP | E748: 30 | F748: -0.041 | G748: 0.014
A749: overall | B749: 748 | E749: 30 | F749: -0.055 | G749: 0.023
A750: overall | B750: 749 | C750: Tristan Beck | D750: RP | E750: 30 | F750: -0.078 | G750: 0.008
...

Sheet scarcity_sheet
A1: group | B1: sample_rank | C1: player_name | D1: final_score | E1: gap_from_prev
A2: C | B2: 1 | C2: Cal Raleigh | D2: 7.477
A3: C | B3: 12 | C3: Gabriel Moreno | D3: 3.36 | E3: 0.247
A4: C | B4: 24 | C4: Freddy Fermin | D4: 0.362 | E4: 0.322
A5: C | B5: 36 | C5: Dillon Dingler | D5: -0.974 | E5: 0.102
A6: 1B | B6: 1 | C6: Vladimir Guerrero Jr. | D6: 12.645
A7: 1B | B7: 12 | C7: Vinnie Pasquantino | D7: 5.962 | E7: 0.263
A8: 1B | B8: 24 | C8: Christian Walker | D8: 2.715 | E8: 0.035
A9: 1B | B9: 36 | C9: Tyler Locklear | D9: -0.643 | E9: 0.015
A10: 2B | B10: 1 | C10: Ketel Marte | D10: 9.66
A11: 2B | B11: 12 | C11: Andrés Giménez | D11: 4.391 | E11: 0.295
A12: 2B | B12: 24 | C12: Nolan Gorman | D12: 1.326 | E12: 0.683
A13: 3B | B13: 1 | C13: José Ramírez | D13: 12.761
A14: 3B | B14: 12 | C14: Colt Keith | D14: 4.253 | E14: 0.074
A15: 3B | B15: 24 | C15: Luis Rengifo | D15: 1.783 | E15: 0.212
A16: 3B | B16: 36 | C16: Ben Williamson | D16: 0.353 | E16: 0.292
A17: SS | B17: 1 | C17: Bobby Witt Jr. | D17: 15.005
A18: SS | B18: 12 | C18: Bo Bichette | D18: 6.258 | E18: 0.718
A19: SS | B19: 24 | C19: Joey Ortiz | D19: 3.598 | E19: 0.361
A20: SS | B20: 36 | C20: Javier Báez | D20: -1.087 | E20: 0.424
A21: OF | B21: 1 | C21: Aaron Judge | D21: 17.111
A22: OF | B22: 12 | C22: Brent Rooker | D22: 8.727 | E22: 0.145
A23: OF | B23: 24 | C23: Steven Kwan | D23: 6.297 | E23: 0.008
A24: OF | B24: 36 | C24: Tyler Soderstrom | D24: 5.056 | E24: 0.071
A25: OF | B25: 48 | C25: Wilyer Abreu | D25: 4.191 | E25: 0.012
A26: OF | B26: 60 | C26: Jesús Sánchez | D26: 3.241 | E26: 0.034
A27: DH | B27: 1 | C27: Shohei Ohtani | D27: 17.972
A28: BAT | B28: 1 | C28: Luis García Jr. | D28: 4.338
A29: BAT | B29: 12 | C29: Darell Hernaiz | D29: -0.198 | E29: 0.053
A30: BAT | B30: 24 | C30: Jeremiah Jackson | D30: -0.927 | E30: 0.114
A31: BAT | B31: 36 | C31: Adrian Del Castillo | D31: -1.22 | E31: 0.039
A32: BAT | B32: 48 | C32: Kyle Higashioka | D32: -1.444 | E32: 0.031
A33: BAT | B33: 60 | C33: Myles Straw | D33: -1.627 | E33: 0.024
A34: SP | B34: 1 | C34: Tarik Skubal | D34: 13.014
A35: SP | B35: 12 | C35: Max Fried | D35: 7.776 | E35: 0.053
A36: SP | B36: 24 | C36: Luis Castillo | D36: 6.05 | E36: 0.043
A37: SP | B37: 36 | C37: Spencer Strider | D37: 5.232 | E37: 0.01
A38: SP | B38: 48 | C38: Shota Imanaga | D38: 4.728 | E38: 0.036
A39: SP | B39: 60 | C39: Spencer Schwellenbach | D39: 4.21 | E39: 0.001
A40: RP | B40: 1 | C40: Mason Miller | D40: 8.038
A41: RP | B41: 12 | C41: Matt Brash | D41: 5.622 | E41: 0.065
A42: RP | B42: 24 | C42: Bryan Baker | D42: 5.198 | E42: 0.018
A43: RP | B43: 36 | C43: Louis Varland | D43: 4.694 | E43: 0.051
A44: RP | B44: 48 | C44: Will Vest | D44: 4.333 | E44: 0.041
A45: RP | B45: 60 | C45: Ryan Helsley | D45: 3.858 | E45: 0.01
A46: P | B46: 1 | C46: Drew Anderson | D46: 4.098
A47: P | B47: 12 | C47: Eric Lauer | D47: 0.932 | E47: 0.096
A48: P | B48: 24 | C48: Bailey Falter | D48: 0.152 | E48: 0.016
A49: P | B49: 36 | C49: Ryan Bergert | D49: -0.794 | E49: 0.061

Sheet category_contribution
A1: overall_rank | B1: player_name | C1: team | D1: inferred_role | E1: best_category | F1: best_category_score | G1: note | H1: R_z | I1: RBI_z | J1: HR_z | K1: SB_z | L1: AVG_z | M1: OBP_z | N1: QS_z | O1: K_z | P1: Saves_plus_Holds_z | Q1: ERA_z | R1: WHIP_z
A2: 1 | B2: Shohei Ohtani | C2: LAD | D2: DH | E2: HR | F2: 3.937 | G2: speed specialist | H2: 3.126 | I2: 2.702 | J2: 3.937 | K2: 2.358 | L2: 2.146 | M2: 3.251
A3: 2 | B3: Aaron Judge | C3: NYY | D3: OF | E3: OBP | F3: 4.719 | G3: power boost | H3: 2.602 | I3: 2.806 | J3: 3.967 | K3: 0.266 | L3: 2.475 | M3: 4.719
A4: 3 | B4: Juan Soto | C4: NYM | D4: OF | E4: OBP | F4: 4.362 | G4: speed specialist | H4: 2.592 | I4: 2.208 | J4: 2.951 | K4: 1.794 | L4: 1.689 | M4: 4.362
A5: 4 | B5: Bobby Witt Jr. | C5: KCR | D5: SS | E5: SB | F5: 3.737 | G5: speed specialist | H5: 2.331 | I5: 2.057 | J5: 2.035 | K5: 3.737 | L5: 2.763 | M5: 1.665
A6: 5 | B6: Ronald Acuña Jr. | C6: ATL | D6: OF | E6: OBP | F6: 3.282 | G6: speed specialist | H6: 2.533 | I6: 1.616 | J6: 2.088 | K6: 2.526 | L6: 2.185 | M6: 3.282
A7: 6 | B7: Tarik Skubal | C7: DET | D7: SP | E7: K | F7: 3.646 | G7: strikeout arm | N7: 3.329 | O7: 3.646 | P7: -0.74 | Q7: 3.117 | R7: 3.518
A8: 7 | B8: José Ramírez | C8: CLE | D8: 3B | E8: SB | F8: 3.531 | G8: speed specialist | H8: 1.851 | I8: 1.867 | J8: 1.817 | K8: 3.531 | L8: 1.74 | M8: 1.577
A9: 8 | B9: Vladimir Guerrero Jr. | C9: TOR | D9: 1B | E9: OBP | F9: 3.1 | G9: power boost | H9: 2.09 | I9: 2.273 | J9: 2.226 | K9: -0.219 | L9: 3.006 | M9: 3.1
A10: 9 | B10: Fernando Tatis Jr. | C10: SDP | D10: OF | E10: SB | F10: 2.424 | G10: speed specialist | H10: 2.225 | I10: 1.665 | J10: 2.073 | K10: 2.424 | L10: 1.688 | M10: 2.049
A11: 10 | B11: Kyle Tucker | C11: LAD | D11: OF | E11: OBP | F11: 2.613 | G11: speed specialist | H11: 2.029 | I11: 1.743 | J11: 1.966 | K11: 1.817 | L11: 1.494 | M11: 2.613
A12: 11 | B12: Corbin Carroll | C12: ARI | D12: OF | E12: SB | F12: 3.579 | G12: speed specialist | H12: 2.161 | I12: 1.508 | J12: 1.688 | K12: 3.579 | L12: 0.962 | M12: 1.553
A13: 12 | B13: Julio Rodríguez | C13: SEA | D13: OF | E13: SB | F13: 2.613 | G13: speed specialist | H13: 1.964 | I13: 1.993 | J13: 2.086 | K13: 2.613 | L13: 1.735 | M13: 0.998
A14: 13 | B14: Paul Skenes | C14: PIT | D14: SP | E14: K | F14: 3.422 | G14: strikeout arm | N14: 3.143 | O14: 3.422 | P14: -0.74 | Q14: 2.89 | R14: 2.77
A15: 14 | B15: Yordan Alvarez | C15: HOU | D15: OF | E15: OBP | F15: 3.355 | G15: power boost | H15: 1.555 | I15: 1.915 | J15: 2.208 | K15: -0.414 | L15: 2.78 | M15: 3.355
A16: 15 | B16: Gunnar Henderson | C16: BAL | D16: SS | E16: SB | F16: 2.256 | G16: speed specialist | H16: 2.204 | I16: 1.672 | J16: 1.764 | K16: 2.256 | L16: 1.606 | M16: 1.747
A17: 16 | B17: Elly De La Cruz | C17: CIN | D17: SS | E17: SB | F17: 4.536 | G17: speed specialist | H17: 1.857 | I17: 1.456 | J17: 1.305 | K17: 4.536 | L17: 0.96 | M17: 0.993
A18: 17 | B18: Garrett Crochet | C18: BOS | D18: SP | E18: K | F18: 3.584 | G18: strikeout arm | N18: 3.05 | O18: 3.584 | P18: -0.74 | Q18: 2.515 | R18: 2.602
A19: 18 | B19: Bryce Harper | C19: PHI | D19: 1B | E19: OBP | F19: 2.455 | G19: power boost | H19: 1.624 | I19: 1.797 | J19: 1.734 | K19: 0.399 | L19: 1.699 | M19: 2.455
A20: 19 | B20: Trea Turner | C20: PHI | D20: SS | E20: SB | F20: 2.751 | G20: speed specialist | H20: 1.788 | I20: 1.161 | J20: 0.746 | K20: 2.751 | L20: 2.224 | M20: 0.969
A21: 20 | B21: Ketel Marte | C21: ARI | D21: 2B | E21: OBP | F21: 2.268 | G21: power boost | H21: 1.839 | I21: 1.723 | J21: 1.862 | K21: -0.154 | L21: 1.948 | M21: 2.268
A22: 21 | B22: Francisco Lindor | C22: NYM | D22: SS | E22: SB | F22: 2.195 | G22: speed specialist | H22: 1.96 | I22: 1.41 | J22: 1.629 | K22: 2.195 | L22: 0.9 | M22: 1.038
A23: 22 | B23: Freddie Freeman | C23: LAD | D23: 1B | E23: OBP | F23: 2.125 | G23: power boost | H23: 1.718 | I23: 1.86 | J23: 1.329 | K23: 0.126 | L23: 1.918 | M23: 2.125
A24: 23 | B24: Kyle Schwarber | C24: PHI | D24: OF | E24: HR | F24: 3.356 | G24: power boost | H24: 2.149 | I24: 2.376 | J24: 3.356 | K24: -0.064 | L24: -0.621 | M24: 1.815
A25: 24 | B25: Chris Sale | C25: ATL | D25: SP | E25: K | F25: 2.797 | G25: strikeout arm | N25: 2.483 | O25: 2.797 | P25: -0.74 | Q25: 2.023 | R25: 2.271
A26: 25 | B26: Nick Kurtz | C26: ATH | D26: 1B | E26: HR | F26: 2.924 | G26: power boost | H26: 1.973 | I26: 1.995 | J26: 2.924 | K26: -0.414 | L26: 0.877 | M26: 1.451
A27: 26 | B27: Jackson Chourio | C27: MIL | D27: OF | E27: SB | F27: 2.289 | G27: speed specialist | H27: 1.658 | I27: 1.551 | J27: 1.364 | K27: 2.289 | L27: 1.518 | M27: 0.314
A28: 27 | B28: Junior Caminero | C28: TBR | D28: 3B | E28: HR | F28: 2.873 | G28: power boost | H28: 1.572 | I28: 2.445 | J28: 2.873 | K28: -0.152 | L28: 1.533 | M28: 0.472
A29: 28 | B29: James Wood | C29: WSN | D29: OF | E29: OBP | F29: 1.689 | G29: speed specialist | H29: 1.652 | I29: 1.461 | J29: 1.531 | K29: 1.354 | L29: 0.931 | M29: 1.689
A30: 29 | B30: Bryan Woo | C30: SEA | D30: SP | E30: QS | F30: 2.733 | G30: strikeout arm | N30: 2.733 | O30: 2.635 | P30: -0.74 | Q30: 1.427 | R30: 2.534
A31: 30 | B31: Zach Neto | C31: LAA | D31: SS | E31: SB | F31: 2.791 | G31: speed specialist | H31: 1.695 | I31: 1.304 | J31: 1.726 | K31: 2.791 | L31: 0.519 | M31: 0.404
A32: 31 | B32: Cristopher Sánchez | C32: PHI | D32: SP | E32: QS | F32: 3.014 | G32: strikeout arm | N32: 3.014 | O32: 2.557 | P32: -0.74 | Q32: 2.115 | R32: 1.639
A33: 32 | B33: Brent Rooker | C33: ATH | D33: OF | E33: HR | F33: 2.395 | G33: power boost | H33: 1.729 | I33: 2.119 | J33: 2.395 | K33: -0.075 | L33: 1.128 | M33: 1.21
A34: 33 | B34: Wyatt Langford | C34: TEX | D34: OF | E34: SB | F34: 1.946 | G34: speed specialist | H34: 1.616 | I34: 1.278 | J34: 1.441 | K34: 1.946 | L34: 0.597 | M34: 1.522
A35: 34 | B35: Logan Webb | C35: SFG | D35: SP | E35: QS | F35: 3.027 | G35: strikeout arm | N35: 3.027 | O35: 2.553 | P35: -0.731 | Q35: 1.911 | R35: 1.323
A36: 35 | B36: Maikel Garcia | C36: KCR | D36: 3B | E36: SB | F36: 2.65 | G36: speed specialist | H36: 1.596 | I36: 0.957 | J36: 0.187 | K36: 2.65 | L36: 1.628 | M36: 0.952
A37: 36 | B37: Yandy Díaz | C37: TBR | D37: 1B | E37: AVG | F37: 2.474 | G37: power boost | H37: 1.424 | I37: 1.333 | J37: 1.073 | K37: -0.578 | L37: 2.474 | M37: 2.112
A38: 37 | B38: Logan Gilbert | C38: SEA | D38: SP | E38: WHIP | F38: 2.484 | G38: strikeout arm | N38: 2.301 | O38: 2.445 | P38: -0.74 | Q38: 1.531 | R38: 2.484
A39: 38 | B39: George Springer | C39: TOR | D39: OF | E39: R | F39: 1.638 | G39: power boost | H39: 1.638 | I39: 1.295 | J39: 1.623 | K39: 0.898 | L39: 1.009 | M39: 1.338
A40: 39 | B40: Pete Alonso | C40: BAL | D40: 1B | E40: HR | F40: 2.848 | G40: power boost | H40: 1.767 | I40: 2.415 | J40: 2.848 | K40: -0.583 | L40: 0.597 | M40: 1.049
A41: 40 | B41: Jacob deGrom | C41: TEX | D41: SP | E41: K | F41: 2.575 | G41: strikeout arm | N41: 2.253 | O41: 2.575 | P41: -0.74 | Q41: 1.384 | R41: 2.456
A42: 41 | B42: Mookie Betts | C42: LAD | D42: SS | E42: OBP | F42: 1.743 | G42: power boost | H42: 1.725 | I42: 1.541 | J42: 1.145 | K42: 0.249 | L42: 1.543 | M42: 1.743
A43: 42 | B43: Jazz Chisholm Jr. | C43: NYY | D43: 2B | E43: SB | F43: 3.254 | G43: speed specialist | H43: 1.405 | I43: 1.292 | J43: 1.793 | K43: 3.254 | L43: -0.2 | M43: 0.201
A44: 43 | B44: Mason Miller | C44: SDP | D44: RP | E44: Saves_plus_Holds | F44: 3.429 | G44: RP saves+holds | N44: -0.665 | O44: 0.656 | P44: 3.429 | Q44: 2.276 | R44: 2.148
A45: 44 | B45: Pete Crow-Armstrong | C45: CHC | D45: OF | E45: SB | F45: 3.616 | G45: speed specialist | H45: 1.515 | I45: 1.41 | J45: 1.331 | K45: 3.616 | L45: 0.318 | M45: -0.577
A46: 45 | B46: Zack Wheeler | C46: PHI | D46: SP | E46: WHIP | F46: 2.16 | G46: strikeout arm | N46: 2.143 | O46: 2.039 | P46: -0.74 | Q46: 1.728 | R46: 2.16
A47: 46 | B47: Cole Ragans | C47: KCR | D47: SP | E47: K | F47: 2.852 | G47: strikeout arm | N47: 2.342 | O47: 2.852 | P47: -0.74 | Q47: 1.585 | R47: 1.523
A48: 47 | B48: Corey Seager | C48: TEX | D48: SS | E48: OBP | F48: 2.029 | G48: power boost | H48: 1.155 | I48: 1.473 | J48: 1.736 | K48: -0.597 | L48: 1.699 | M48: 2.029
A49: 48 | B49: Max Fried | C49: NYY | D49: SP | E49: QS | F49: 2.815 | G49: strikeout arm | N49: 2.815 | O49: 2.269 | P49: -0.74 | Q49: 1.83 | R49: 1.33
A50: 49 | B50: Geraldo Perdomo | C50: ARI | D50: SS | E50: OBP | F50: 2.007 | G50: speed specialist | H50: 1.507 | I50: 0.848 | J50: 0.096 | K50: 1.677 | L50: 1.191 | M50: 2.007
A51: 50 | B51: Brice Turang | C51: MIL | D51: 2B | E51: SB | F51: 3.049 | G51: speed specialist | H51: 1.439 | I51: 0.895 | J51: 0.321 | K51: 3.049 | L51: 0.88 | M51: 0.716
A52: 51 | B52: Hunter Brown | C52: HOU | D52: SP | E52: K | F52: 2.749 | G52: strikeout arm | N52: 2.67 | O52: 2.749 | P52: -0.74 | Q52: 1.395 | R52: 1.235
A53: 52 | B53: Jarren Duran | C53: BOS | D53: OF | E53: SB | F53: 2.219 | G53: speed specialist | H53: 1.485 | I53: 1.117 | J53: 0.629 | K53: 2.219 | L53: 1.001 | M53: 0.721
A54: 53 | B54: George Kirby | C54: SEA | D54: SP | E54: QS | F54: 2.41 | G54: strikeout arm | N54: 2.41 | O54: 2.113 | P54: -0.74 | Q54: 1.244 | R54: 2.133
A55: 54 | B55: Cal Raleigh | C55: SEA | D55: C | E55: HR | F55: 3.141 | G55: power boost | H55: 1.722 | I55: 2.283 | J55: 3.141 | K55: 0.16 | L55: -0.714 | M55: 0.741
A56: 55 | B56: Nico Hoerner | C56: CHC | D56: 2B | E56: SB | F56: 2.564 | G56: speed specialist | H56: 1.175 | I56: 0.669 | J56: -0.481 | K56: 2.564 | L56: 2.118 | M56: 1.023
A57: 56 | B57: Manny Machado | C57: SDP | D57: 3B | E57: RBI | F57: 1.859 | G57: power boost | H57: 1.405 | I57: 1.859 | J57: 1.766 | K57: 0.296 | L57: 1.246 | M57: 0.633
A58: 57 | B58: Rafael Devers | C58: SFG | D58: 1B | E58: HR | F58: 2.058 | G58: power boost | H58: 1.669 | I58: 1.906 | J58: 2.058 | K58: -0.617 | L58: 0.412 | M58: 1.685
A59: 58 | B59: Randy Arozarena | C59: SEA | D59: OF | E59: SB | F59: 2.281 | G59: speed specialist | H59: 1.629 | I59: 1.308 | J59: 1.309 | K59: 2.281 | L59: -0.48 | M59: 0.791
A60: 59 | B60: Jesús Luzardo | C60: PHI | D60: SP | E60: K | F60: 2.73 | G60: strikeout arm | N60: 2.45 | O60: 2.73 | P60: -0.74 | Q60: 1.059 | R60: 1.403
A61: 60 | B61: Roman Anthony | C61: BOS | D61: OF | E61: OBP | F61: 2.159 | G61: ratio stabilizer | H61: 1.487 | I61: 0.915 | J61: 0.736 | K61: 0.427 | L61: 1.252 | M61: 2.159
A62: 61 | B62: Josh Naylor | C62: SEA | D62: 1B | E62: RBI | F62: 1.609 | G62: speed specialist | H62: 1.184 | I62: 1.609 | J62: 1.176 | K62: 1.211 | L62: 1.008 | M62: 0.655
A63: 62 | B63: Joe Ryan | C63: MIN | D63: SP | E63: K | F63: 2.509 | G63: strikeout arm | N63: 2.216 | O63: 2.509 | P63: -0.74 | Q63: 0.684 | R63: 2.053
A64: 63 | B64: Oneil Cruz | C64: PIT | D64: OF | E64: SB | F64: 2.833 | G64: speed specialist | H64: 1.232 | I64: 0.949 | J64: 1.274 | K64: 2.833 | L64: -0.147 | M64: 0.449
A65: 64 | B65: CJ Abrams | C65: WSN | D65: SS | E65: SB | F65: 3.139 | G65: speed specialist | H65: 1.389 | I65: 1 | J65: 0.762 | K65: 3.139 | L65: 0.437 | M65: -0.026
A66: 65 | B66: Yoshinobu Yamamoto | C66: LAD | D66: SP | E66: QS | F66: 2.206 | G66: strikeout arm | N66: 2.206 | O66: 2.112 | P66: -0.74 | Q66: 1.62 | R66: 1.702
A67: 66 | B67: Dylan Cease | C67: TOR | D67: SP | E67: K | F67: 2.901 | G67: strikeout arm | N67: 2.32 | O67: 2.901 | P67: -0.74 | Q67: 1.127 | R67: 1.062
A68: 67 | B68: Jeremy Peña | C68: HOU | D68: SS | E68: AVG | F68: 1.688 | G68: speed specialist | H68: 1.273 | I68: 0.974 | J68: 0.614 | K68: 1.321 | L68: 1.688 | M68: 0.676
A69: 68 | B69: William Contreras | C69: MIL | D69: C | E69: OBP | F69: 1.899 | G69: ratio stabilizer | H69: 1.283 | I69: 1.446 | J69: 0.994 | K69: -0.117 | L69: 1.369 | M69: 1.899
A70: 69 | B70: Framber Valdez | C70: DET | D70: SP | E70: QS | F70: 2.782 | G70: strikeout arm | N70: 2.782 | O70: 2.281 | P70: -0.74 | Q70: 1.512 | R70: 0.71
A71: 70 | B71: Matt Olson | C71: ATL | D71: 1B | E71: HR | F71: 2.065 | G71: power boost | H71: 1.74 | I71: 2.036 | J71: 2.065 | K71: -0.772 | L71: 0.347 | M71: 1.395
A72: 71 | B72: Edwin Díaz | C72: LAD | D72: RP | E72: Saves_plus_Holds | F72: 3.901 | G72: RP saves+holds | N72: -0.669 | O72: 0.387 | P72: 3.901 | Q72: 1.484 | R72: 1.571
A73: 72 | B73: Nolan Schanuel | C73: LAA | D73: 1B | E73: OBP | F73: 1.9 | G73: ratio stabilizer | H73: 1.038 | I73: 0.664 | J73: 0.163 | K73: -0.085 | L73: 1.125 | M73: 1.9
A74: 73 | B74: Sonny Gray | C74: BOS | D74: SP | E74: K | F74: 2.459 | G74: strikeout arm | N74: 2.338 | O74: 2.459 | P74: -0.74 | Q74: 0.839 | R74: 1.181
A75: 74 | B75: Jose A. Ferrer | C75: SEA | D75: RP | E75: Saves_plus_Holds | F75: 1.699 | G75: RP saves+holds | N75: -0.669 | O75: -0.191 | P75: 1.699 | Q75: 1.195 | R75: 0.862
A76: 75 | B76: Luke Keaschall | C76: MIN | D76: 2B | E76: SB | F76: 2.059 | G76: speed specialist | H76: 0.867 | I76: 0.54 | J76: -0.095 | K76: 2.059 | L76: 1.341 | M76: 1.468
A77: 76 | B77: Christian Yelich | C77: MIL | D77: OF | E77: OBP | F77: 1.385 | G77: speed specialist | H77: 1.011 | I77: 1.076 | J77: 0.728 | K77: 1.114 | L77: 0.829 | M77: 1.385
A78: 77 | B78: Cade Smith | C78: CLE | D78: RP | E78: Saves_plus_Holds | F78: 3.344 | G78: RP saves+holds | N78: -0.669 | O78: 0.354 | P78: 3.344 | Q78: 1.658 | R78: 1.64
A79: 78 | B79: Nathan Eovaldi | C79: TEX | D79: SP | E79: QS | F79: 2.243 | G79: strikeout arm | N79: 2.243 | O79: 1.943 | P79: -0.731 | Q79: 0.945 | R79: 1.542
A80: 79 | B80: Jackson Merrill | C80: SDP | D80: OF | E80: RBI | F80: 1.59 | G80: power boost | H80: 1.306 | I80: 1.59 | J80: 1.264 | K80: 0.152 | L80: 1.549 | M80: 0.44
A81: 80 | B81: Jose Altuve | C81: HOU | D81: 2B | E81: R | F81: 1.417 | G81: power boost | H81: 1.417 | I81: 1.068 | J81: 1.032 | K81: 0.729 | L81: 1.103 | M81: 0.757
A82: 81 | B82: Xavier Edwards | C82: MIA | D82: 2B | E82: SB | F82: 2.582 | G82: speed specialist | H82: 0.87 | I82: 0.027 | J82: -0.926 | K82: 2.582 | L82: 1.965 | M82: 1.288
A83: 82 | B83: Austin Riley | C83: ATL | D83: 3B | E83: HR | F83: 1.938 | G83: power boost | H83: 1.55 | I83: 1.908 | J83: 1.938 | K83: -0.569 | L83: 0.956 | M83: 0.487
A84: 83 | B84: Brandon Nimmo | C84: TEX | D84: OF | E84: R | F84: 1.528 | G84: power boost | H84: 1.528 | I84: 1.236 | J84: 1.209 | K84: 0.33 | L84: 0.607 | M84: 0.978
A85: 84 | B85: Iván Herrera | C85: STL | D85: C | E85: OBP | F85: 1.792 | G85: ratio stabilizer | H85: 0.893 | I85: 0.92 | J85: 0.656 | K85: 0.149 | L85: 1.419 | M85: 1.792
A86: 85 | B86: Seiya Suzuki | C86: CHC | D86: OF | E86: RBI | F86: 1.446 | G86: power boost | H86: 1.198 | I86: 1.446 | J86: 1.445 | K86: 0.134 | L86: 0.686 | M86: 1.079
A87: 86 | B87: Steven Kwan | C87: CLE | D87: OF | E87: AVG | F87: 1.667 | G87: speed specialist | H87: 1.306 | I87: 0.418 | J87: -0.356 | K87: 1.407 | L87: 1.667 | M87: 1.362
A88: 87 | B88: Bo Bichette | C88: NYM | D88: SS | E88: AVG | F88: 2.378 | G88: ratio stabilizer | H88: 1.109 | I88: 1.213 | J88: 0.605 | K88: -0.184 | L88: 2.378 | M88: 0.967
A89: 88 | B89: Riley Greene | C89: DET | D89: OF | E89: HR | F89: 1.778 | G89: power boost | H89: 1.449 | I89: 1.776 | J89: 1.778 | K89: -0.42 | L89: 0.785 | M89: 0.701
A90: 89 | B90: Byron Buxton | C90: MIN | D90: OF | E90: HR | F90: 1.755 | G90: speed specialist | H90: 1.312 | I90: 1.167 | J90: 1.755 | K90: 1.123 | L90: 0.357 | M90: 0.249
A91: 90 | B91: Luis Arraez | C91: SFG | D91: 1B | E91: AVG | F91: 3.206 | G91: ratio stabilizer | H91: 1.021 | I91: 0.493 | J91: -0.844 | K91: 0.266 | L91: 3.206 | M91: 1.281
A92: 91 | B92: Nick Pivetta | C92: SDP | D92: SP | E92: K | F92: 2.532 | G92: strikeout arm | N92: 2.185 | O92: 2.532 | P92: -0.74 | Q92: 0.412 | R92: 1.433
A93: 92 | B93: Gleyber Torres | C93: DET | D93: 2B | E93: OBP | F93: 1.429 | G93: ratio stabilizer | H93: 1.428 | I93: 1.069 | J93: 0.681 | K93: -0.129 | L93: 0.882 | M93: 1.429
A94: 93 | B94: Alex Bregman | C94: CHC | D94: 3B | E94: R | F94: 1.545 | G94: power boost | H94: 1.545 | I94: 1.536 | J94: 1.328 | K94: -0.573 | L94: 0.761 | M94: 1.244
A95: 94 | B95: Brandon Woodruff | C95: MIL | D95: SP | E95: K | F95: 1.969 | G95: strikeout arm | N95: 1.941 | O95: 1.969 | P95: -0.74 | Q95: 0.707 | R95: 1.637
A96: 95 | B96: Jhoan Duran | C96: PHI | D96: RP | E96: Saves_plus_Holds | F96: 3.266 | G96: RP saves+holds | N96: -0.669 | O96: 0.166 | P96: 3.266 | Q96: 1.831 | R96: 1.31
A97: 96 | B97: Fernando Cruz | C97: NYY | D97: RP | E97: Saves_plus_Holds | F97: 1.502 | G97: RP saves+holds | N97: -0.669 | O97: 0.153 | P97: 1.502 | Q97: 0.853 | R97: 0.583
A98: 97 | B98: Luis Castillo | C98: SEA | D98: SP | E98: QS | F98: 2.33 | G98: strikeout arm | N98: 2.33 | O98: 2.059 | P98: -0.74 | Q98: 0.577 | R98: 1.14
A99: 98 | B99: Chandler Simpson | C99: TBR | D99: OF | E99: SB | F99: 4.209 | G99: speed specialist | H99: 0.279 | I99: -0.404 | J99: -1.193 | K99: 4.209 | L99: 1.968 | M99: 0.512
A100: 99 | B100: Cody Bellinger | C100: NYY | D100: OF | E100: RBI | F100: 1.45 | G100: power boost | H100: 1.269 | I100: 1.45 | J100: 1.281 | K100: 0.545 | L100: 0.843 | M100: 0.428
...

Sheet sleepers_fades
A1: market_call | B1: position_group | C1: position_rank | D1: overall_rank | E1: player_name | F1: team | G1: inferred_role | H1: adp | I1: adp_gap | J1: tier | K1: dropoff_to_next | L1: note
A2: Sleeper | B2: C | C2: 1 | D2: 352 | E2: Carter Jensen | F2: KCR | G2: C | H2: 999 | I2: 647 | J2: 17 | K2: 0.013 | L2: value target
A3: Sleeper | B3: C | C3: 2 | D3: 638 | E3: Joey Bart | F3: PIT | G3: C | H3: 999 | I3: 361 | J3: 26 | K3: 0.006 | L3: value target
A4: Sleeper | B4: C | C4: 3 | D4: 701 | E4: Danny Jansen | F4: TEX | G4: C | H4: 999 | I4: 298 | J4: 28 | K4: 0.002 | L4: value target
A5: Sleeper | B5: C | C5: 4 | D5: 789 | E5: Luis Campusano | F5: SDP | G5: C | H5: 999 | I5: 210 | J5: 31 | K5: 0.007 | L5: value target
A6: Sleeper | B6: C | C6: 5 | D6: 84 | E6: Iván Herrera | F6: STL | G6: C | H6: 176.37 | I6: 92.37 | J6: 8 | K6: 0.025 | L6: ratio stabilizer
A7: Sleeper | B7: 1B | C7: 1 | D7: 387 | E7: Pavin Smith | F7: ARI | G7: 1B | H7: 999 | I7: 612 | J7: 18 | K7: 0.02 | L7: value target
A8: Sleeper | B8: 1B | C8: 2 | D8: 223 | E8: Spencer Horwitz | F8: PIT | G8: 1B | H8: 739.93 | I8: 516.93 | J8: 12 | K8: 0.002 | L8: ratio stabilizer
A9: Sleeper | B9: 1B | C9: 3 | D9: 72 | E9: Nolan Schanuel | F9: LAA | G9: 1B | H9: 586.56 | I9: 514.56 | J9: 7 | K9: 0.151 | L9: ratio stabilizer
A10: Sleeper | B10: 1B | C10: 4 | D10: 157 | E10: Josh Bell | F10: MIN | G10: 1B | H10: 640.3 | I10: 483.3 | J10: 10 | K10: 0.001 | L10: ratio stabilizer
A11: Sleeper | B11: 1B | C11: 5 | D11: 633 | E11: Jake Bauers | F11: MIL | G11: 1B | H11: 999 | I11: 366 | J11: 26 | K11: 0 | L11: value target
A12: Sleeper | B12: 2B | C12: 1 | D12: 372 | E12: Nick Gonzales | F12: PIT | G12: 2B | H12: 999 | I12: 627 | J12: 17 | K12: 0.007 | L12: ratio stabilizer
A13: Sleeper | B13: 2B | C13: 2 | D13: 188 | E13: Jake Cronenworth | F13: SDP | G13: 2B | H13: 740.05 | I13: 552.05 | J13: 11 | K13: 0.029 | L13: ratio stabilizer
... A45: Sleeper | B45: BAT | C45: 1 | D45: 556 | E45: Romy Gonzalez | F45: BOS | G45: BAT | H45: 999 | I45: 443 | J45: 23 | K45: 0.002 | L45: ratio stabilizer
A46: Sleeper | B46: BAT | C46: 2 | D46: 630 | E46: Jesse Winker | G46: BAT | H46: 999 | I46: 369 | J46: 26 | K46: 0.015 | L46: ratio stabilizer
A47: Sleeper | B47: BAT | C47: 3 | D47: 723 | E47: Alan Roden | F47: MIN | G47: BAT | H47: 999 | I47: 276 | J47: 29 | K47: 0.007 | L47: value target
A48: Sleeper | B48: BAT | C48: 4 | D48: 735 | E48: Tommy Pham | G48: BAT | H48: 999 | I48: 264 | J48: 29 | K48: 0.003 | L48: value target
A49: Sleeper | B49: BAT | C49: 5 | D49: 736 | E49: José Fermín | F49: STL | G49: BAT | H49: 999 | I49: 263 | J49: 29 | K49: 0.011 | L49: value target
A50: Sleeper | B50: P | C50: 1 | D50: 238 | E50: Drew Anderson | F50: DET | G50: P | H50: 999 | I50: 761 | J50: 13 | K50: 0.002 | L50: pitching depth
A51: Sleeper | B51: P | C51: 2 | D51: 368 | E51: Tobias Myers | F51: NYM | G51: P | H51: 999 | I51: 631 | J51: 17 | K51: 0.018 | L51: pitching depth
A52: Sleeper | B52: P | C52: 3 | D52: 439 | E52: Kutter Crawford | F52: BOS | G52: P | H52: 999 | I52: 560 | J52: 20 | K52: 0.012 | L52: pitching depth
A53: Sleeper | B53: P | C53: 4 | D53: 489 | E53: Cooper Criswell | F53: SEA | G53: P | H53: 999 | I53: 510 | J53: 21 | K53: 0.023 | L53: pitching depth
A54: Sleeper | B54: P | C54: 5 | D54: 491 | E54: Cody Bradford | F54: TEX | G54: P | H54: 999 | I54: 508 | J54: 21 | K54: 0.007 | L54: pitching depth
A55: Fade | B55: C | C55: 1 | D55: 866 | E55: Dillon Dingler | F55: DET | G55: C | H55: 256.49 | I55: -609.51 | J55: 34 | K55: 0.006 | L55: balanced bat
A56: Fade | B56: C | C56: 2 | D56: 733 | E56: Samuel Basallo | F56: BAL | G56: C | H56: 163.87 | I56: -569.13 | J56: 29 | K56: 0.007 | L56: balanced bat
A57: Fade | B57: C | C57: 3 | D57: 813 | E57: Logan O'Hoppe | F57: LAA | G57: C | H57: 245.11 | I57: -567.89 | J57: 32 | K57: 0.011 | L57: balanced bat
A58: Fade | B58: C | C58: 4 | D58: 790 | E58: Austin Wells | F58: NYY | G58: C | H58: 248.33 | I58: -541.67 | J58: 31 | K58: 0 | L58: balanced bat
A59: Fade | B59: C | C59: 5 | D59: 707 | E59: Francisco Alvarez | F59: NYM | G59: C | H59: 165.39 | I59: -541.61 | J59: 28 | K59: 0.004 | L59: balanced bat
A60: Fade | B60: 1B | C60: 1 | D60: 569 | E60: Spencer Steer | F60: CIN | G60: 1B | H60: 335.43 | I60: -233.57 | J60: 24 | K60: 0.001 | L60: value target
... A104: Fade | B104: P | C104: 5 | D104: 1052 | E104: Antonio Senzatela | F104: COL | G104: P | H104: 999 | I104: -53 | J104: 40 | K104: 0.089 | L104: pitching depth

Sheet draft_day_queue
A1: queue_rank | B1: overall_rank | C1: player_name | D1: team | E1: inferred_role | F1: adp | G1: adp_gap | H1: queue_score | I1: final_score | J1: dropoff_to_next | K1: tier | L1: note | M1: taken_status | N1: available_flag
A2: 1 | B2: 1 | C2: Shohei Ohtani | D2: LAD | E2: DH | F2: 1.26 | G2: 0.26 | H2: 18.322 | I2: 17.972 | J2: 0.861 | K2: 1 | L2: speed specialist | M2: =XLOOKUP(C2,overall_board!$B$2:$B$2000,overall_board!$L$2:$L$2000,"") | N2: =IF(L2="","available","taken")
A3: 2 | B3: 2 | C3: Aaron Judge | D3: NYY | E3: OF | F3: 1.86 | G3: -0.14 | H3: 17.461 | I3: 17.111 | J3: 1.186 | K3: 2 | L3: power boost | M3: =XLOOKUP(C3,overall_board!$B$2:$B$2000,overall_board!$L$2:$L$2000,"") | N3: =IF(L3="","available","taken")
A4: 3 | B4: 3 | C4: Juan Soto | D4: NYM | E4: OF | F4: 4.68 | G4: 1.68 | H4: 16.275 | I4: 15.925 | J4: 0.921 | K4: 3 | L4: speed specialist | M4: =XLOOKUP(C4,overall_board!$B$2:$B$2000,overall_board!$L$2:$L$2000,"") | N4: =IF(L4="","available","taken")
A5: 4 | B5: 4 | C5: Bobby Witt Jr. | D5: KCR | E5: SS | F5: 3.07 | G5: -0.93 | H5: 15.355 | I5: 15.005 | J5: 0.447 | K5: 4 | L5: speed specialist | M5: =XLOOKUP(C5,overall_board!$B$2:$B$2000,overall_board!$L$2:$L$2000,"") | N5: =IF(L5="","available","taken")
A6: 5 | B6: 5 | C6: Ronald Acuña Jr. | D6: ATL | E6: OF | F6: 5.32 | G6: 0.32 | H6: 14.908 | I6: 14.558 | J6: 1.543 | K6: 4 | L6: speed specialist | M6: =XLOOKUP(C6,overall_board!$B$2:$B$2000,overall_board!$L$2:$L$2000,"") | N6: =IF(L6="","available","taken")
A7: 6 | B7: 7 | C7: José Ramírez | D7: CLE | E7: 3B | F7: 6.23 | G7: -0.77 | H7: 13.111 | I7: 12.761 | J7: 0.116 | K7: 5 | L7: speed specialist | M7: =XLOOKUP(C7,overall_board!$B$2:$B$2000,overall_board!$L$2:$L$2000,"") | N7: =IF(L7="","available","taken")
A8: 7 | B8: 8 | C8: Vladimir Guerrero Jr. | D8: TOR | E8: 1B | F8: 18.13 | G8: 10.13 | H8: 12.995 | I8: 12.645 | J8: 0.175 | K8: 5 | L8: power boost | M8: =XLOOKUP(C8,overall_board!$B$2:$B$2000,overall_board!$L$2:$L$2000,"") | N8: =IF(L8="","available","taken")
A9: 8 | B9: 9 | C9: Fernando Tatis Jr. | D9: SDP | E9: OF | F9: 14.06 | G9: 5.06 | H9: 12.819 | I9: 12.469 | J9: 0.524 | K9: 5 | L9: speed specialist | M9: =XLOOKUP(C9,overall_board!$B$2:$B$2000,overall_board!$L$2:$L$2000,"") | N9: =IF(L9="","available","taken")
A10: 9 | B10: 6 | C10: Tarik Skubal | D10: DET | E10: SP | F10: 6.91 | G10: 0.91 | H10: 12.764 | I10: 13.014 | J10: 0.254 | K10: 5 | L10: strikeout arm | M10: =XLOOKUP(C10,overall_board!$B$2:$B$2000,overall_board!$L$2:$L$2000,"") | N10: =IF(L10="","available","taken")
A11: 10 | B11: 10 | C11: Kyle Tucker | D11: LAD | E11: OF | F11: 13.17 | G11: 3.17 | H11: 12.295 | I11: 11.945 | J11: 0.077 | K11: 5 | L11: speed specialist | M11: =XLOOKUP(C11,overall_board!$B$2:$B$2000,overall_board!$L$2:$L$2000,"") | N11: =IF(L11="","available","taken")
A12: 11 | B12: 11 | C12: Corbin Carroll | D12: ARI | E12: OF | F12: 14.14 | G12: 3.14 | H12: 12.218 | I12: 11.868 | J12: 0.151 | K12: 5 | L12: speed specialist | M12: =XLOOKUP(C12,overall_board!$B$2:$B$2000,overall_board!$L$2:$L$2000,"") | N12: =IF(L12="","available","taken")
A13: 12 | B13: 12 | C13: Julio Rodríguez | D13: SEA | E13: OF | F13: 9.54 | G13: -2.46 | H13: 12.067 | I13: 11.717 | J13: 0.081 | K13: 5 | L13: speed specialist | M13: =XLOOKUP(C13,overall_board!$B$2:$B$2000,overall_board!$L$2:$L$2000,"") | N13: =IF(L13="","available","taken")
... A508: 507 | B508: 479 | C508: Hogan Harris | D508: ATH | E508: RP | F508: 631.42 | G508: 152.42 | H508: 1.845 | I508: 2.195 | J508: 0.015 | K508: 21 | L508: RP saves+holds | M508: =XLOOKUP(C508,overall_board!$B$2:$B$2000,overall_board!$L$2:$L$2000,"") | N508: =IF(L508="","available","taken")
A509: 508 | B509: 492 | C509: Luis Garcia | E509: RP | F509: 999 | G509: 507 | H509: 1.841 | I509: 2.091 | J509: 0.007 | K509: 21 | L509: pitching depth | M509: =XLOOKUP(C509,overall_board!$B$2:$B$2000,overall_board!$L$2:$L$2000,"") | N509: =IF(L509="","available","taken")
A510: 509 | B510: 480 | C510: Kenley Jansen | D510: DET | E510: RP | F510: 133.66 | G510: -346.34 | H510: 1.83 | I510: 2.18 | J510: 0.002 | K510: 21 | L510: RP saves+holds | M510: =XLOOKUP(C510,overall_board!$B$2:$B$2000,overall_board!$L$2:$L$2000,"") | N510: =IF(L510="","available","taken")
A511: 510 | B511: 495 | C511: Matt Gage | D511: SFG | E511: RP | F511: 999 | G511: 504 | H511: 1.824 | I511: 2.074 | J511: 0.013 | K511: 21 | L511: pitching depth | M511: =XLOOKUP(C511,overall_board!$B$2:$B$2000,overall_board!$L$2:$L$2000,"") | N511: =IF(L511="","available","taken")
A512: 511 | B512: 561 | C512: Marcelo Mayer | D512: BOS | E512: 3B | F512: 588.92 | G512: 27.92 | H512: 1.815 | I512: 1.465 | J512: 0.021 | K512: 24 | L512: value target | M512: =XLOOKUP(C512,overall_board!$B$2:$B$2000,overall_board!$L$2:$L$2000,"") | N512: =IF(L512="","available","taken")
A513: 512 | B513: 496 | C513: Jordan Hicks | D513: CHW | E513: RP | F513: 999 | G513: 503 | H513: 1.811 | I513: 2.061 | J513: 0.012 | K513: 21 | L513: pitching depth | M513: =XLOOKUP(C513,overall_board!$B$2:$B$2000,overall_board!$L$2:$L$2000,"") | N513: =IF(L513="","available","taken")
A514: 513 | B514: 497 | C514: Grant Anderson | D514: MIL | E514: RP | F514: 999 | G514: 502 | H514: 1.799 | I514: 2.049 | J514: 0.005 | K514: 21 | L514: pitching depth | M514: =XLOOKUP(C514,overall_board!$B$2:$B$2000,overall_board!$L$2:$L$2000,"") | N514: =IF(L514="","available","taken")
A515: 514 | B515: 488 | C515: Tim Hill | D515: NYY | E515: RP | F515: 999 | G515: 511 | H515: 1.795 | I515: 2.145 | J515: 0 | K515: 21 | L515: RP saves+holds | M515: =XLOOKUP(C515,overall_board!$B$2:$B$2000,overall_board!$L$2:$L$2000,"") | N515: =IF(L515="","available","taken")
A516: 515 | B516: 498 | C516: Cole Sulser | D516: TBR | E516: RP | F516: 999 | G516: 501 | H516: 1.794 | I516: 2.044 | J516: 0.004 | K516: 22 | L516: pitching depth | M516: =XLOOKUP(C516,overall_board!$B$2:$B$2000,overall_board!$L$2:$L$2000,"") | N516: =IF(L516="","available","taken")
A517: 516 | B517: 499 | C517: Anthony Kay | D517: CHW | E517: SP | F517: 717.81 | G517: 218.81 | H517: 1.79 | I517: 2.04 | J517: 0.011 | K517: 22 | L517: SP value | M517: =XLOOKUP(C517,overall_board!$B$2:$B$2000,overall_board!$L$2:$L$2000,"") | N517: =IF(L517="","available","taken")
A518: 517 | B518: 564 | C518: Wenceel Pérez | D518: DET | E518: OF | F518: 748.32 | G518: 184.32 | H518: 1.785 | I518: 1.435 | J518: 0.002 | K518: 24 | L518: value target | M518: =XLOOKUP(C518,overall_board!$B$2:$B$2000,overall_board!$L$2:$L$2000,"") | N518: =IF(L518="","available","taken")
A519: 518 | B519: 500 | C519: Josh Sborz | D519: TEX | E519: RP | F519: 999 | G519: 499 | H519: 1.779 | I519: 2.029 | J519: 0.004 | K519: 22 | L519: pitching depth | M519: =XLOOKUP(C519,overall_board!$B$2:$B$2000,overall_board!$L$2:$L$2000,"") | N519: =IF(L519="","available","taken")
A520: 519 | B520: 501 | C520: Jalen Beeks | D520: TEX | E520: RP | F520: 999 | G520: 498 | H520: 1.774 | I520: 2.024 | J520: 0.001 | K520: 22 | L520: pitching depth | M520: =XLOOKUP(C520,overall_board!$B$2:$B$2000,overall_board!$L$2:$L$2000,"") | N520: =IF(L520="","available","taken")
A521: 520 | B521: 567 | C521: Jac Caglianone | D521: KCR | E521: OF | F521: 167.34 | G521: -399.66 | H521: 1.774 | I521: 1.424 | J521: 0.002 | K521: 24 | L521: balanced bat | M521: =XLOOKUP(C521,overall_board!$B$2:$B$2000,overall_board!$L$2:$L$2000,"") | N521: =IF(L521="","available","taken")
... A585: 584 | B585: 628 | C585: Brett Baty | D585: NYM | E585: 3B | F585: 293.78 | G585: -334.22 | H585: 1.281 | I585: 0.931 | J585: 0.001 | K585: 26 | L585: value target | M585: =XLOOKUP(C585,overall_board!$B$2:$B$2000,overall_board!$L$2:$L$2000,"") | N585: =IF(L585="","available","taken")
A586: 585 | B586: 630 | C586: Jesse Winker | E586: BAT | F586: 999 | G586: 369 | H586: 1.279 | I586: 0.929 | J586: 0.015 | K586: 26 | L586: ratio stabilizer | M586: =XLOOKUP(C586,overall_board!$B$2:$B$2000,overall_board!$L$2:$L$2000,"") | N586: =IF(L586="","available","taken")
A587: 586 | B587: 553 | C587: Zack Kelly | D587: BOS | E587: RP | F587: 999 | G587: 446 | H587: 1.278 | I587: 1.528 | J587: 0.006 | K587: 23 | L587: pitching depth | M587: =XLOOKUP(C587,overall_board!$B$2:$B$2000,overall_board!$L$2:$L$2000,"") | N587: =IF(L587="","available","taken")
A588: 587 | B588: 554 | C588: Rico Garcia | D588: BAL | E588: RP | F588: 999 | G588: 445 | H588: 1.272 | I588: 1.522 | J588: 0.015 | K588: 23 | L588: pitching depth | M588: =XLOOKUP(C588,overall_board!$B$2:$B$2000,overall_board!$L$2:$L$2000,"") | N588: =IF(L588="","available","taken")
A589: 588 | B589: 633 | C589: Jake Bauers | D589: MIL | E589: 1B | F589: 999 | G589: 366 | H589: 1.258 | I589: 0.908 | J589: 0 | K589: 26 | L589: value target | M589: =XLOOKUP(C589,overall_board!$B$2:$B$2000,overall_board!$L$2:$L$2000,"") | N589: =IF(L589="","available","taken")
A590: 589 | B590: 634 | C590: Jordan Lawlar | D590: ARI | E590: 3B | F590: 262.22 | G590: -371.78 | H590: 1.257 | I590: 0.907 | J590: 0.017 | K590: 26 | L590: balanced bat | M590: =XLOOKUP(C590,overall_board!$B$2:$B$2000,overall_board!$L$2:$L$2000,"") | N590: =IF(L590="","available","taken")
A591: 590 | B591: 555 | C591: Ryan Borucki | D591: SFG | E591: RP | F591: 999 | G591: 444 | H591: 1.256 | I591: 1.506 | J591: 0.003 | K591: 23 | L591: pitching depth | M591: =XLOOKUP(C591,overall_board!$B$2:$B$2000,overall_board!$L$2:$L$2000,"") | N591: =IF(L591="","available","taken")
A592: 591 | B592: 558 | C592: Brent Suter | D592: LAA | E592: RP | F592: 999 | G592: 441 | H592: 1.244 | I592: 1.494 | J592: 0.021 | K592: 24 | L592: pitching depth | M592: =XLOOKUP(C592,overall_board!$B$2:$B$2000,overall_board!$L$2:$L$2000,"") | N592: =IF(L592="","available","taken")
A593: 592 | B593: 635 | C593: Bryce Eldridge | D593: SFG | E593: 1B | F593: 999 | G593: 364 | H593: 1.241 | I593: 0.891 | J593: 0.007 | K593: 26 | L593: value target | M593: =XLOOKUP(C593,overall_board!$B$2:$B$2000,overall_board!$L$2:$L$2000,"") | N593: =IF(L593="","available","taken")
A594: 593 | B594: 559 | C594: Andrew Hoffmann | D594: ARI | E594: RP | F594: 999 | G594: 440 | H594: 1.224 | I594: 1.474 | J594: 0.003 | K594: 24 | L594: pitching depth | M594: =XLOOKUP(C594,overall_board!$B$2:$B$2000,overall_board!$L$2:$L$2000,"") | N594: =IF(L594="","available","taken")
A595: 594 | B595: 560 | C595: Chris Paddack | D595: MIA | E595: SP | F595: 748.29 | G595: 188.29 | H595: 1.22 | I595: 1.47 | J595: 0.005 | K595: 24 | L595: SP value | M595: =XLOOKUP(C595,overall_board!$B$2:$B$2000,overall_board!$L$2:$L$2000,"") | N595: =IF(L595="","available","taken")
A596: 595 | B596: 562 | C596: Luis Morales | D596: ATH | E596: SP | F596: 733.95 | G596: 171.95 | H596: 1.194 | I596: 1.444 | J596: 0.008 | K596: 24 | L596: SP value | M596: =XLOOKUP(C596,overall_board!$B$2:$B$2000,overall_board!$L$2:$L$2000,"") | N596: =IF(L596="","available","taken")
A597: 596 | B597: 638 | C597: Joey Bart | D597: PIT | E597: C | F597: 999 | G597: 361 | H597: 1.193 | I597: 0.843 | J597: 0.006 | K597: 26 | L597: value target | M597: =XLOOKUP(C597,overall_board!$B$2:$B$2000,overall_board!$L$2:$L$2000,"") | N597: =IF(L597="","available","taken")
A598: 597 | B598: 563 | C598: J.T. Ginn | D598: ATH | E598: SP | F598: 748.12 | G598: 185.12 | H598: 1.186 | I598: 1.436 | J598: 0.001 | K598: 24 | L598: SP value | M598: =XLOOKUP(C598,overall_board!$B$2:$B$2000,overall_board!$L$2:$L$2000,"") | N598: =IF(L598="","available","taken")
... A601: 600 | B601: 566 | C601: Connor Phillips | D601: CIN | E601: RP | F601: 999 | G601: 433 | H601: 1.176 | I601: 1.426 | J601: 0.002 | K601: 24 | L601: pitching depth | M601: =XLOOKUP(C601,overall_board!$B$2:$B$2000,overall_board!$L$2:$L$2000,"") | N601: =IF(L601="","available","taken")
A602: 601 | B602: 568 | F602: 999 | G602: 431 | H602: 1.171 | I602: 1.421 | J602: 0.004 | K602: 24 | L602: pitching depth | M602: =XLOOKUP(C602,overall_board!$B$2:$B$2000,overall_board!$L$2:$L$2000,"") | N602: =IF(L602="","available","taken")
A603: 602 | B603: 570 | C603: Will Klein | D603: LAD | E603: RP | F603: 999 | G603: 429 | H603: 1.166 | I603: 1.416 | J603: 0.013 | K603: 24 | L603: pitching depth | M603: =XLOOKUP(C603,overall_board!$B$2:$B$2000,overall_board!$L$2:$L$2000,"") | N603: =IF(L603="","available","taken")
A604: 603 | B604: 643 | C604: Bo Naylor | D604: CLE | E604: C | F604: 590.95 | G604: -52.05 | H604: 1.156 | I604: 0.806 | J604: 0.001 | K604: 26 | L604: value target | M604: =XLOOKUP(C604,overall_board!$B$2:$B$2000,overall_board!$L$2:$L$2000,"") | N604: =IF(L604="","available","taken")
A605: 604 | B605: 644 | C605: Dominic Canzone | D605: SEA | E605: OF | F605: 476.49 | G605: -167.51 | H605: 1.155 | I605: 0.805 | J605: 0.001 | K605: 26 | L605: value target | M605: =XLOOKUP(C605,overall_board!$B$2:$B$2000,overall_board!$L$2:$L$2000,"") | N605: =IF(L605="","available","taken")
A606: 605 | B606: 645 | C606: Carlos Santana | D606: ARI | E606: 1B | F606: 999 | G606: 354 | H606: 1.154 | I606: 0.804 | J606: 0.005 | K606: 26 | L606: value target | M606: =XLOOKUP(C606,overall_board!$B$2:$B$2000,overall_board!$L$2:$L$2000,"") | N606: =IF(L606="","available","taken")
A607: 606 | B607: 572 | C607: Hunter Bigge | D607: TBR | E607: RP | F607: 999 | G607: 427 | H607: 1.148 | I607: 1.398 | J607: 0.006 | K607: 24 | L607: pitching depth | M607: =XLOOKUP(C607,overall_board!$B$2:$B$2000,overall_board!$L$2:$L$2000,"") | N607: =IF(L607="","available","taken")
A608: 607 | B608: 573 | C608: Sam Hentges | D608: SFG | E608: RP | F608: 999 | G608: 426 | H608: 1.142 | I608: 1.392 | J608: 0.005 | K608: 24 | L608: pitching depth | M608: =XLOOKUP(C608,overall_board!$B$2:$B$2000,overall_board!$L$2:$L$2000,"") | N608: =IF(L608="","available","taken")
A609: 608 | B609: 574 | C609: DL Hall | D609: MIL | E609: RP | F609: 999 | G609: 425 | H609: 1.137 | I609: 1.387 | J609: 0.009 | K609: 24 | L609: pitching depth | M609: =XLOOKUP(C609,overall_board!$B$2:$B$2000,overall_board!$L$2:$L$2000,"") | N609: =IF(L609="","available","taken")
A610: 609 | B610: 649 | C610: Zach McKinstry | D610: DET | E610: 3B | F610: 509.7 | G610: -139.3 | H610: 1.123 | I610: 0.773 | J610: 0.001 | K610: 27 | L610: value target | M610: =XLOOKUP(C610,overall_board!$B$2:$B$2000,overall_board!$L$2:$L$2000,"") | N610: =IF(L610="","available","taken")
A611: 610 | B611: 577 | C611: Kyle Harrison | D611: MIL | E611: SP | F611: 475.18 | G611: -101.82 | H611: 1.084 | I611: 1.334 | J611: 0.002 | K611: 24 | L611: SP value | M611: =XLOOKUP(C611,overall_board!$B$2:$B$2000,overall_board!$L$2:$L$2000,"") | N611: =IF(L611="","available","taken")
A612: 611 | B612: 578 | C612: Kevin Kelly | D612: TBR | E612: RP | F612: 999 | G612: 421 | H612: 1.082 | I612: 1.332 | J612: 0.005 | K612: 24 | L612: pitching depth | M612: =XLOOKUP(C612,overall_board!$B$2:$B$2000,overall_board!$L$2:$L$2000,"") | N612: =IF(L612="","available","taken")
A613: 612 | B613: 655 | C613: Dane Myers | D613: CIN | E613: OF | F613: 999 | G613: 344 | H613: 1.078 | I613: 0.728 | J613: 0.001 | K613: 27 | L613: value target | M613: =XLOOKUP(C613,overall_board!$B$2:$B$2000,overall_board!$L$2:$L$2000,"") | N613: =IF(L613="","available","taken")
A614: 613 | B614: 579 | C614: Hayden Harris | D614: ATL | E614: RP | F614: 999 | G614: 420 | H614: 1.077 | I614: 1.327 | J614: 0.001 | K614: 24 | L614: pitching depth | M614: =XLOOKUP(C614,overall_board!$B$2:$B$2000,overall_board!$L$2:$L$2000,"") | N614: =IF(L614="","available","taken")
... A630: 629 | B630: 594 | C630: Cristian Javier | D630: HOU | E630: SP | F630: 475.05 | G630: -118.95 | H630: 0.915 | I630: 1.165 | J630: 0.006 | K630: 25 | L630: strikeout arm | M630: =XLOOKUP(C630,overall_board!$B$2:$B$2000,overall_board!$L$2:$L$2000,"") | N630: =IF(L630="","available","taken")
A631: 630 | B631: 595 | C631: Lucas Giolito | E631: SP | F631: 726.63 | G631: 131.63 | H631: 0.909 | I631: 1.159 | J631: 0.002 | K631: 25 | L631: SP value | M631: =XLOOKUP(C631,overall_board!$B$2:$B$2000,overall_board!$L$2:$L$2000,"") | N631: =IF(L631="","available","taken")
A632: 631 | B632: 675 | C632: Masataka Yoshida | D632: BOS | E632: DH | F632: 748.09 | G632: 73.09 | H632: 0.906 | I632: 0.556 | J632: 0.011 | K632: 27 | L632: ratio stabilizer | M632: =XLOOKUP(C632,overall_board!$B$2:$B$2000,overall_board!$L$2:$L$2000,"") | N632: =IF(L632="","available","taken")
A633: 632 | B633: 598 | C633: Roki Sasaki | D633: LAD | E633: SP | F633: 278.46 | G633: -319.54 | H633: 0.899 | I633: 1.149 | J633: 0.02 | K633: 25 | L633: pitching depth | M633: =XLOOKUP(C633,overall_board!$B$2:$B$2000,overall_board!$L$2:$L$2000,"") | N633: =IF(L633="","available","taken")
A634: 633 | B634: 599 | C634: Justin Wilson | E634: RP | F634: 999 | G634: 400 | H634: 0.879 | I634: 1.129 | J634: 0.001 | K634: 25 | L634: pitching depth | M634: =XLOOKUP(C634,overall_board!$B$2:$B$2000,overall_board!$L$2:$L$2000,"") | N634: =IF(L634="","available","taken")
A635: 634 | B635: 680 | C635: Jonny DeLuca | D635: TBR | E635: OF | F635: 999 | G635: 319 | H635: 0.856 | I635: 0.506 | J635: 0.009 | K635: 28 | L635: value target | M635: =XLOOKUP(C635,overall_board!$B$2:$B$2000,overall_board!$L$2:$L$2000,"") | N635: =IF(L635="","available","taken")
A636: 635 | B636: 604 | C636: Alex Cobb | E636: SP | F636: 999 | G636: 395 | H636: 0.845 | I636: 1.095 | J636: 0.001 | K636: 25 | L636: SP value | M636: =XLOOKUP(C636,overall_board!$B$2:$B$2000,overall_board!$L$2:$L$2000,"") | N636: =IF(L636="","available","taken")
A637: 636 | B637: 605 | C637: Cionel Pérez | D637: WSN | E637: RP | F637: 999 | G637: 394 | H637: 0.844 | I637: 1.094 | J637: 0.005 | K637: 25 | L637: pitching depth | M637: =XLOOKUP(C637,overall_board!$B$2:$B$2000,overall_board!$L$2:$L$2000,"") | N637: =IF(L637="","available","taken")
A638: 637 | B638: 608 | C638: Andrew Alvarez | D638: WSN | E638: SP | F638: 999 | G638: 391 | H638: 0.837 | I638: 1.087 | J638: 0.003 | K638: 25 | L638: SP value | M638: =XLOOKUP(C638,overall_board!$B$2:$B$2000,overall_board!$L$2:$L$2000,"") | N638: =IF(L638="","available","taken")
A639: 638 | B639: 610 | C639: George Soriano | D639: STL | E639: RP | F639: 999 | G639: 389 | H639: 0.829 | I639: 1.079 | J639: 0.004 | K639: 25 | L639: pitching depth | M639: =XLOOKUP(C639,overall_board!$B$2:$B$2000,overall_board!$L$2:$L$2000,"") | N639: =IF(L639="","available","taken")
A640: 639 | B640: 613 | C640: Chase Silseth | D640: LAA | E640: RP | F640: 999 | G640: 386 | H640: 0.82 | I640: 1.07 | J640: 0.007 | K640: 25 | L640: pitching depth | M640: =XLOOKUP(C640,overall_board!$B$2:$B$2000,overall_board!$L$2:$L$2000,"") | N640: =IF(L640="","available","taken")
A641: 640 | B641: 615 | C641: Bryce Elder | D641: ATL | E641: SP | F641: 736.99 | G641: 121.99 | H641: 0.811 | I641: 1.061 | J641: 0.004 | K641: 25 | L641: SP value | M641: =XLOOKUP(C641,overall_board!$B$2:$B$2000,overall_board!$L$2:$L$2000,"") | N641: =IF(L641="","available","taken")
A642: 641 | B642: 616 | C642: Kyle Backhus | D642: PHI | E642: RP | F642: 999 | G642: 383 | H642: 0.806 | I642: 1.056 | J642: 0.009 | K642: 25 | L642: pitching depth | M642: =XLOOKUP(C642,overall_board!$B$2:$B$2000,overall_board!$L$2:$L$2000,"") | N642: =IF(L642="","available","taken")
A643: 642 | B643: 597 | C643: Cole Henry | D643: WSN | E643: RP | F643: 734.92 | G643: 137.92 | H643: 0.805 | I643: 1.155 | J643: 0.006 | K643: 25 | L643: RP saves+holds | M643: =XLOOKUP(C643,overall_board!$B$2:$B$2000,overall_board!$L$2:$L$2000,"") | N643: =IF(L643="","available","taken")
A644: 643 | B644: 618 | C644: Chris Murphy | D644: CHW | E644: RP | F644: 999 | G644: 381 | H644: 0.793 | I644: 1.043 | J644: 0.013 | K644: 26 | L644: pitching depth | M644: =XLOOKUP(C644,overall_board!$B$2:$B$2000,overall_board!$L$2:$L$2000,"") | N644: =IF(L644="","available","taken")
A645: 644 | B645: 619 | C645: Kyle Freeland | D645: COL | E645: SP | F645: 999 | G645: 380 | H645: 0.78 | I645: 1.03 | J645: 0.002 | K645: 26 | L645: strikeout arm | M645: =XLOOKUP(C645,overall_board!$B$2:$B$2000,overall_board!$L$2:$L$2000,"") | N645: =IF(L645="","available","taken")
A646: 645 | B646: 620 | C646: Kai-Wei Teng | D646: HOU | E646: P | F646: 999 | G646: 379 | H646: 0.778 | I646: 1.028 | J646: 0.012 | K646: 26 | L646: pitching depth | M646: =XLOOKUP(C646,overall_board!$B$2:$B$2000,overall_board!$L$2:$L$2000,"") | N646: =IF(L646="","available","taken")
A647: 646 | B647: 621 | C647: Alex Lange | D647: KCR | E647: RP | F647: 999 | G647: 378 | H647: 0.766 | I647: 1.016 | J647: 0.001 | K647: 26 | L647: pitching depth | M647: =XLOOKUP(C647,overall_board!$B$2:$B$2000,overall_board!$L$2:$L$2000,"") | N647: =IF(L647="","available","taken")
A648: 647 | B648: 622 | C648: Keaton Winn | D648: SFG | E648: RP | F648: 999 | G648: 377 | H648: 0.765 | I648: 1.015 | J648: 0.019 | K648: 26 | L648: pitching depth | M648: =XLOOKUP(C648,overall_board!$B$2:$B$2000,overall_board!$L$2:$L$2000,"") | N648: =IF(L648="","available","taken")
... A687: 686 | B687: 662 | C687: Kyle Hurt | D687: LAD | E687: P | F687: 999 | G687: 337 | H687: 0.422 | I687: 0.672 | J687: 0.009 | K687: 27 | L687: pitching depth | M687: =XLOOKUP(C687,overall_board!$B$2:$B$2000,overall_board!$L$2:$L$2000,"") | N687: =IF(L687="","available","taken")
A688: 687 | B688: 735 | C688: Tommy Pham | E688: BAT | F688: 999 | G688: 264 | H688: 0.407 | I688: 0.057 | J688: 0.003 | K688: 29 | L688: value target | M688: =XLOOKUP(C688,overall_board!$B$2:$B$2000,overall_board!$L$2:$L$2000,"") | N688: =IF(L688="","available","taken")
A689: 688 | B689: 736 | C689: José Fermín | D689: STL | E689: BAT | F689: 999 | G689: 263 | H689: 0.404 | I689: 0.054 | J689: 0.011 | K689: 29 | L689: value target | M689: =XLOOKUP(C689,overall_board!$B$2:$B$2000,overall_board!$L$2:$L$2000,"") | N689: =IF(L689="","available","taken")
A690: 689 | B690: 665 | C690: Tyler Ferguson | D690: ATH | E690: RP | F690: 999 | G690: 334 | H690: 0.396 | I690: 0.646 | J690: 0.001 | K690: 27 | L690: pitching depth | M690: =XLOOKUP(C690,overall_board!$B$2:$B$2000,overall_board!$L$2:$L$2000,"") | N690: =IF(L690="","available","taken")
A691: 690 | B691: 668 | C691: Rhett Lowder | D691: CIN | E691: SP | F691: 551.07 | G691: -116.93 | H691: 0.379 | I691: 0.629 | J691: 0.012 | K691: 27 | L691: SP value | M691: =XLOOKUP(C691,overall_board!$B$2:$B$2000,overall_board!$L$2:$L$2000,"") | N691: =IF(L691="","available","taken")
A692: 691 | B692: 669 | C692: Kyle Hart | D692: SDP | E692: RP | F692: 999 | G692: 330 | H692: 0.366 | I692: 0.616 | J692: 0.009 | K692: 27 | L692: pitching depth | M692: =XLOOKUP(C692,overall_board!$B$2:$B$2000,overall_board!$L$2:$L$2000,"") | N692: =IF(L692="","available","taken")
A693: 692 | B693: 670 | C693: Ian Hamilton | D693: ATL | E693: RP | F693: 999 | G693: 329 | H693: 0.358 | I693: 0.608 | J693: 0.006 | K693: 27 | L693: pitching depth | M693: =XLOOKUP(C693,overall_board!$B$2:$B$2000,overall_board!$L$2:$L$2000,"") | N693: =IF(L693="","available","taken")
A694: 693 | B694: 743 | C694: Tyler Stephenson | D694: CIN | E694: C | F694: 292.79 | G694: -450.21 | H694: 0.341 | I694: -0.009 | J694: 0.005 | K694: 30 | L694: balanced bat | M694: =XLOOKUP(C694,overall_board!$B$2:$B$2000,overall_board!$L$2:$L$2000,"") | N694: =IF(L694="","available","taken")
A695: 694 | B695: 672 | C695: Sam Moll | D695: CIN | E695: RP | F695: 999 | G695: 327 | H695: 0.322 | I695: 0.572 | J695: 0.005 | K695: 27 | L695: pitching depth | M695: =XLOOKUP(C695,overall_board!$B$2:$B$2000,overall_board!$L$2:$L$2000,"") | N695: =IF(L695="","available","taken")
A696: 695 | B696: 673 | F696: 999 | G696: 326 | H696: 0.317 | I696: 0.567 | J696: 0.005 | K696: 27 | L696: pitching depth | M696: =XLOOKUP(C696,overall_board!$B$2:$B$2000,overall_board!$L$2:$L$2000,"") | N696: =IF(L696="","available","taken")
A697: 696 | B697: 674 | C697: Stephen Kolek | D697: KCR | E697: P | F697: 999 | G697: 325 | H697: 0.312 | I697: 0.562 | J697: 0.006 | K697: 27 | L697: pitching depth | M697: =XLOOKUP(C697,overall_board!$B$2:$B$2000,overall_board!$L$2:$L$2000,"") | N697: =IF(L697="","available","taken")
A698: 697 | B698: 676 | C698: Richard Lovelady | D698: NYM | E698: RP | F698: 999 | G698: 323 | H698: 0.296 | I698: 0.546 | J698: 0.008 | K698: 27 | L698: pitching depth | M698: =XLOOKUP(C698,overall_board!$B$2:$B$2000,overall_board!$L$2:$L$2000,"") | N698: =IF(L698="","available","taken")
A699: 698 | B699: 677 | C699: Edgardo Henriquez | D699: LAD | E699: RP | F699: 999 | G699: 322 | H699: 0.288 | I699: 0.538 | J699: 0.02 | K699: 27 | L699: pitching depth | M699: =XLOOKUP(C699,overall_board!$B$2:$B$2000,overall_board!$L$2:$L$2000,"") | N699: =IF(L699="","available","taken")
A700: 699 | B700: 678 | C700: Dylan Dodd | D700: ATL | E700: RP | F700: 999 | G700: 321 | H700: 0.268 | I700: 0.518 | J700: 0.01 | K700: 28 | L700: pitching depth | M700: =XLOOKUP(C700,overall_board!$B$2:$B$2000,overall_board!$L$2:$L$2000,"") | N700: =IF(L700="","available","taken")
A701: 700 | B701: 679 | C701: Spencer Arrighetti | D701: HOU | E701: SP | F701: 726.33 | G701: 47.33 | H701: 0.258 | I701: 0.508 | J701: 0.002 | K701: 28 | L701: SP value | M701: =XLOOKUP(C701,overall_board!$B$2:$B$2000,overall_board!$L$2:$L$2000,"") | N701: =IF(L701="","available","taken")
A702: 701 | B702: 751 | C702: Casey Schmitt | D702: SFG | E702: 2B | F702: 999 | G702: 248 | H702: 0.257 | I702: -0.093 | J702: 0.028 | K702: 30 | L702: value target | M702: =XLOOKUP(C702,overall_board!$B$2:$B$2000,overall_board!$L$2:$L$2000,"") | N702: =IF(L702="","available","taken")
A703: 702 | B703: 681 | C703: Bradgley Rodriguez | D703: SDP | E703: RP | F703: 999 | G703: 318 | H703: 0.247 | I703: 0.497 | J703: 0.006 | K703: 28 | L703: pitching depth | M703: =XLOOKUP(C703,overall_board!$B$2:$B$2000,overall_board!$L$2:$L$2000,"") | N703: =IF(L703="","available","taken")
A704: 703 | B704: 682 | C704: Ryan Brasier | E704: RP | F704: 999 | G704: 317 | H704: 0.241 | I704: 0.491 | J704: 0.004 | K704: 28 | L704: pitching depth | M704: =XLOOKUP(C704,overall_board!$B$2:$B$2000,overall_board!$L$2:$L$2000,"") | N704: =IF(L704="","available","taken")
A705: 704 | B705: 683 | C705: Colin Selby | D705: BAL | E705: RP | F705: 999 | G705: 316 | H705: 0.237 | I705: 0.487 | J705: 0.009 | K705: 28 | L705: pitching depth | M705: =XLOOKUP(C705,overall_board!$B$2:$B$2000,overall_board!$L$2:$L$2000,"") | N705: =IF(L705="","available","taken")
A706: 705 | B706: 684 | F706: 999 | G706: 315 | H706: 0.228 | I706: 0.478 | J706: 0.005 | K706: 28 | L706: pitching depth | M706: =XLOOKUP(C706,overall_board!$B$2:$B$2000,overall_board!$L$2:$L$2000,"") | N706: =IF(L706="","available","taken")
A707: 706 | B707: 754 | C707: Liam Hicks | D707: MIA | E707: BAT | F707: 748.32 | G707: -5.68 | H707: 0.225 | I707: -0.125 | J707: 0.004 | K707: 30 | L707: value target | M707: =XLOOKUP(C707,overall_board!$B$2:$B$2000,overall_board!$L$2:$L$2000,"") | N707: =IF(L707="","available","taken")
A708: 707 | B708: 685 | C708: JP Sears | D708: SDP | E708: P | F708: 999 | G708: 314 | H708: 0.223 | I708: 0.473 | J708: 0.009 | K708: 28 | L708: pitching depth | M708: =XLOOKUP(C708,overall_board!$B$2:$B$2000,overall_board!$L$2:$L$2000,"") | N708: =IF(L708="","available","taken")
A709: 708 | B709: 756 | C709: Michael Massey | D709: KCR | E709: 2B | F709: 999 | G709: 243 | H709: 0.217 | I709: -0.133 | J709: 0.003 | K709: 30 | L709: value target | M709: =XLOOKUP(C709,overall_board!$B$2:$B$2000,overall_board!$L$2:$L$2000,"") | N709: =IF(L709="","available","taken")
A710: 709 | B710: 686 | C710: Roddery Muñoz | D710: HOU | E710: RP | F710: 999 | G710: 313 | H710: 0.214 | I710: 0.464 | J710: 0.019 | K710: 28 | L710: pitching depth | M710: =XLOOKUP(C710,overall_board!$B$2:$B$2000,overall_board!$L$2:$L$2000,"") | N710: =IF(L710="","available","taken")
A711: 710 | B711: 757 | C711: Joey Loperfido | D711: HOU | E711: BAT | F711: 748.27 | G711: -8.73 | H711: 0.214 | I711: -0.136 | J711: 0.006 | K711: 30 | L711: value target | M711: =XLOOKUP(C711,overall_board!$B$2:$B$2000,overall_board!$L$2:$L$2000,"") | N711: =IF(L711="","available","taken")
A712: 711 | B712: 759 | C712: Otto Kemp | D712: PHI | E712: BAT | F712: 999 | G712: 240 | H712: 0.205 | I712: -0.145 | J712: 0.006 | K712: 30 | L712: value target | M712: =XLOOKUP(C712,overall_board!$B$2:$B$2000,overall_board!$L$2:$L$2000,"") | N712: =IF(L712="","available","taken")
...

Sheet player_pool
A1: player_name | B1: team | C1: inferred_role | D1: player_type | E1: final_score | F1: tier | G1: note | H1: adp | I1: adp_gap | J1: R_z | K1: RBI_z | L1: HR_z | M1: SB_z | N1: AVG_z | O1: OBP_z | P1: QS_z | Q1: K_z | R1: Saves_plus_Holds_z | S1: ERA_z | T1: WHIP_z | U1: PA | V1: R | W1: RBI | X1: HR | Y1: SB | Z1: AVG | AA1: OBP | AB1: IP | AC1: QS | AD1: K | AE1: Saves_plus_Holds | AF1: ERA | AG1: WHIP
A2: Shohei Ohtani | B2: LAD | C2: DH | D2: H | E2: 17.972423 | F2: 1 | G2: speed specialist | H2: 1.26 | I2: 0.25999999 | J2: 3.1263775 | K2: 2.7023642 | L2: 3.9370992 | M2: 2.3581679 | N2: 2.1455063 | O2: 3.2514228 | U2: 659.45 | V2: 120.75005 | W2: 107.97774 | X2: 45.53622 | Y2: 23.73994 | Z2: 0.2806479 | AA2: 0.3842773 | AD2: 159.19025
A3: Aaron Judge | B3: NYY | C3: OF | D3: H | E3: 17.111305 | F3: 2 | G3: power boost | H3: 1.86 | I3: -0.13999999 | J3: 2.6016093 | K3: 2.8060336 | L3: 3.9670853 | M3: 0.26586934 | N3: 2.474659 | O3: 4.7192457 | U3: 636.12895 | V3: 107.5767 | W3: 110.5562 | X3: 45.797035 | Y3: 8.5614295 | Z3: 0.2866472 | AA3: 0.41731895 | AD3: 157.96125
A4: Juan Soto | B4: NYM | C4: OF | D4: H | E4: 15.925148 | F4: 3 | G4: speed specialist | H4: 4.6799998 | I4: 1.6799998 | J4: 2.5920269 | K4: 2.2082499 | L4: 2.9507778 | M4: 1.7936653 | N4: 1.6887125 | O4: 4.3622436 | U4: 658.2899 | V4: 107.33615 | W4: 95.68818 | X4: 36.95734 | Y4: 19.644775 | Z4: 0.27232215 | AA4: 0.4092826 | AD4: 118.21825
A5: Bobby Witt Jr. | B5: KCR | C5: SS | D5: H | E5: 15.004635 | F5: 4 | G5: speed specialist | H5: 3.0699999 | I5: -0.93000007 | J5: 2.3307881 | K5: 2.0573964 | L5: 2.0347313 | M5: 3.7373795 | N5: 2.7627615 | O5: 1.664563 | U5: 650.4432 | V5: 100.77823 | W5: 91.936165 | X5: 28.9897 | Y5: 33.745385 | Z5: 0.2918983 | AA5: 0.34855605 | AD5: 110.5243
A6: Ronald Acuña Jr. | B6: ATL | C6: OF | D6: H | E6: 14.55788 | F6: 4 | G6: speed specialist | H6: 5.3200002 | I6: 0.32000017 | J6: 2.532638 | K6: 1.6164973 | L6: 2.0875782 | M6: 2.5258225 | N6: 2.1847212 | O6: 3.2818728 | U6: 645.5494 | V6: 105.8453 | W6: 80.970165 | X6: 29.449355 | Y6: 24.956185 | Z6: 0.28136265 | AA6: 0.38496275 | AD6: 135.15085
A7: Tarik Skubal | B7: DET | C7: SP | D7: P | E7: 13.014434 | F7: 5 | G7: strikeout arm | H7: 6.9099998 | I7: 0.90999985 | P7: 3.3290097 | Q7: 3.6464431 | R7: -0.73960027 | S7: 3.1166867 | T7: 3.5182548 | AB7: 195.16135 | AC7: 20.66009 | AD7: 237.37025 | AE7: 0 | AF7: 2.7316005 | AG7: 0.9905388
A8: José Ramírez | B8: CLE | C8: 3B | D8: H | E8: 12.760928 | F8: 5 | G8: speed specialist | H8: 6.23 | I8: -0.76999998 | J8: 1.8509641 | K8: 1.8672515 | L8: 1.817484 | M8: 3.5308495 | N8: 1.7400005 | O8: 1.5770089 | U8: 633.09035 | V8: 88.733115 | W8: 87.2069 | X8: 27.100115 | Y8: 32.24712 | Z8: 0.27325695 | AA8: 0.34658515 | AD8: 73.181975
A9: Vladimir Guerrero Jr. | B9: TOR | C9: 1B | D9: H | E9: 12.644672 | F9: 5 | G9: power boost | H9: 18.129999 | I9: 10.129999 | J9: 2.0896579 | K9: 2.2726501 | L9: 2.2256605 | M9: -0.21864523 | N9: 3.0063931 | O9: 3.0997546 | U9: 653.59685 | V9: 94.72509 | W9: 97.289935 | X9: 30.650375 | Y9: 5.0465345 | Z9: 0.29633885 | AA9: 0.38086315 | AD9: 88.763455
A10: Fernando Tatis Jr. | B10: SDP | C10: OF | D10: H | E10: 12.469356 | F10: 5 | G10: speed specialist | H10: 14.06 | I10: 5.0600004 | J10: 2.2249874 | K10: 1.6650736 | L10: 2.0734443 | M10: 2.4240624 | N10: 1.6877743 | O10: 2.0489121 | U10: 638.1283 | V10: 98.12229 | W10: 82.17835 | X10: 29.32642 | Y10: 24.21797 | Z10: 0.27230505 | AA10: 0.357208 | AD10: 125.63235
A11: Kyle Tucker | B11: LAD | C11: OF | D11: H | E11: 11.944858 | F11: 5 | G11: speed specialist | H11: 13.17 | I11: 3.1700001 | J11: 2.0287457 | K11: 1.7431488 | L11: 1.9655797 | M11: 1.8171012 | N11: 1.4936407 | O11: 2.6127206 | U11: 599.98565 | V11: 93.196 | W11: 84.12023 | X11: 28.38823 | Y11: 19.81479 | Z11: 0.268767 | AA11: 0.3699004 | AD11: 88.97533
A12: Corbin Carroll | B12: ARI | C12: OF | D12: H | E12: 11.868013 | F12: 5 | G12: speed specialist | H12: 14.14 | I12: 3.1400003 | J12: 2.1607796 | K12: 1.5077984 | L12: 1.687982 | M12: 3.5791569 | N12: 0.96248962 | O12: 1.5534911 | U12: 607.43075 | V12: 96.51047 | W12: 78.266615 | X12: 25.973725 | Y12: 32.597565 | Z12: 0.25908565 | AA12: 0.34605575 | AD12: 126.87735
A13: Julio Rodríguez | B13: SEA | C13: OF | D13: H | E13: 11.716526 | F13: 5 | G13: speed specialist | H13: 9.54 | I13: -2.46 | J13: 1.9636341 | K13: 1.9933235 | L13: 2.0856145 | M13: 2.613414 | N13: 1.7345826 | O13: 0.99769423 | U13: 645.3282 | V13: 91.56149 | W13: 90.34255 | X13: 29.432275 | Y13: 25.591615 | Z13: 0.2731582 | AA13: 0.3335444 | AD13: 141.77835
A14: Paul Skenes | B14: PIT | C14: SP | D14: P | E14: 11.635217 | F14: 5 | G14: strikeout arm | H14: 9.6599998 | I14: -3.3400002 | P14: 3.1429359 | Q14: 3.4216537 | R14: -0.73960027 | S14: 2.8898499 | T14: 2.7697373 | AB14: 189.1485 | AC14: 19.69852 | AD14: 227.23715 | AE14: 0 | AF14: 2.8331175 | AG14: 1.0586105
A15: Yordan Alvarez | B15: HOU | C15: OF | D15: H | E15: 11.596407 | F15: 5 | G15: power boost | H15: 33.209999 | I15: 19.209999 | J15: 1.55476 | K15: 1.9154145 | L15: 2.2077843 | M15: -0.41362544 | N15: 2.7801939 | O15: 3.355494 | U15: 553.2894 | V15: 81.29745 | W15: 88.404805 | X15: 30.49489 | Y15: 3.632057 | Z15: 0.2943117 | AA15: 0.38974385 | AD15: 93.314905
A16: Gunnar Henderson | B16: BAL | C16: SS | D16: H | E16: 11.538123 | F16: 5 | G16: speed specialist | H16: 12.44 | I16: -2.5600004 | J16: 2.2043456 | K16: 1.672212 | L16: 1.7644801 | M16: 2.2557461 | N16: 1.6059539 | O16: 1.7470195 | U16: 661.7923 | V16: 97.604115 | W16: 82.355895 | X16: 26.639095 | Y16: 22.996925 | Z16: 0.27081375 | AA16: 0.3504122 | AD16: 138.14305
A17: Elly De La Cruz | B17: CIN | C17: SS | D17: H | E17: 11.511933 | F17: 5 | G17: speed specialist | H17: 8.4700003 | I17: -7.5299997 | J17: 1.8571633 | K17: 1.4557213 | L17: 1.3050571 | M17: 4.5360136 | N17: 0.96012218 | O17: 0.992781 | U17: 631.94455 | V17: 88.888735 | W17: 76.97136 | X17: 22.6431 | Y17: 39.53905 | Z17: 0.2590425 | AA17: 0.3334338 | AD17: 167.06465
A18: Garrett Crochet | B18: BOS | C18: SP | D18: P | E18: 11.167325 | F18: 5 | G18: strikeout arm | H18: 12.1 | I18: -4.8999996 | P18: 3.0498264 | Q18: 3.5841503 | R18: -0.73960027 | S18: 2.514622 | T18: 2.6019271 | AB18: 189.96125 | AC18: 19.21736 | AD18: 234.5622 | AE18: 0 | AF18: 3.0010445 | AG18: 1.0738715
A19: Bryce Harper | B19: PHI | C19: 1B | D19: H | E19: 9.979616 | F19: 6 | G19: power boost | H19: 48.169998 | I19: 30.169998 | J19: 1.6242761 | K19: 1.7973765 | L19: 1.7335386 | M19: 0.3991484 | N19: 1.699425 | O19: 2.4551931 | U19: 603.694 | V19: 83.042525 | W19: 85.468975 | X19: 26.36997 | Y19: 9.528298 | Z19: 0.2725174 | AA19: 0.36635365 | AD19: 128.3443
A20: Trea Turner | B20: PHI | C20: SS | D20: H | E20: 9.9438066 | F20: 6 | G20: speed specialist | H20: 26.559999 | I20: 7.5599995 | J20: 1.7882252 | K20: 1.1612897 | L20: 0.74559672 | M20: 2.7510361 | N20: 2.2240897 | O20: 0.96886565 | U20: 621.00105 | V20: 87.15817 | W20: 69.648285 | X20: 17.776995 | Y20: 26.58999 | Z20: 0.2820802 | AA20: 0.33289545 | AD20: 112.24865
A21: Ketel Marte | B21: ARI | C21: 2B | D21: H | E21: 9.6604392 | F21: 6 | G21: power boost | H21: 32.259998 | I21: 12.259998 | J21: 1.839171 | K21: 1.7234573 | L21: 1.8623066 | M21: -0.15376976 | N21: 1.9482934 | O21: 2.268155 | U21: 606.2877 | V21: 88.43707 | W21: 83.630465 | X21: 27.489975 | Y21: 5.5171715 | Z21: 0.2770534 | AA21: 0.3621433 | AD21: 99.071515
A22: Francisco Lindor | B22: NYM | C22: SS | D22: H | E22: 9.4345099 | F22: 6 | G22: speed specialist | H22: 25.66 | I22: 4.6599998 | J22: 1.9603847 | K22: 1.4100063 | L22: 1.6289795 | M22: 2.1954309 | N22: 0.90001738 | O22: 1.0382217 | U22: 633.428 | V22: 91.47992 | W22: 75.83434 | X22: 25.46053 | Y22: 22.55937 | Z22: 0.257947 | AA22: 0.3344567 | AD22: 116.9487
A23: Freddie Freeman | B23: LAD | C23: 1B | D23: H | E23: 9.3639596 | F23: 6 | G23: power boost | H23: 67.599998 | I23: 45.599998 | J23: 1.7182393 | K23: 1.8595893 | L23: 1.3294993 | M23: 0.12550479 | N23: 1.9182575 | O23: 2.1245363 | U23: 632.07985 | V23: 85.4013 | W23: 87.016325 | X23: 22.855695 | Y23: 7.5431595 | Z23: 0.27650595 | AA23: 0.35891035 | AD23: 117.21855
A24: Kyle Schwarber | B24: PHI | C24: OF | D24: H | E24: 9.2438636 | F24: 6 | G24: power boost | H24: 24.639999 | I24: 1.6399994 | J24: 2.1494047 | K24: 2.3762427 | L24: 3.3556029 | M24: -0.063853226 | N24: -0.62097154 | O24: 1.8151228 | U24: 646.3423 | V24: 96.224925 | W24: 99.86648 | X24: 40.47845 | Y24: 6.169468 | Z24: 0.2302247 | AA24: 0.35194525 | AD24: 180.73515
A25: Chris Sale | B25: ATL | C25: SP | D25: P | E25: 9.095521 | F25: 6 | G25: strikeout arm | H25: 39.209999 | I25: 15.209999 | P25: 2.4829714 | Q25: 2.7974073 | R25: -0.73960027 | S25: 2.0229729 | T25: 2.2709297 | AB25: 163.02325 | AC25: 16.288035 | AD25: 199.09725 | AE25: 0 | AF25: 3.175101 | AG25: 1.093486
A26: Nick Kurtz | B26: ATH | C26: 1B | D26: H | E26: 8.9624999 | F26: 6 | G26: power boost | H26: 19.639999 | I26: -5.3600006 | J26: 1.9727018 | K26: 1.9950481 | L26: 2.9235786 | M26: -0.41423224 | N26: 0.87703276 | O26: 1.4505768 | U26: 586.5107 | V26: 91.78912 | W26: 90.385445 | X26: 36.720765 | Y26: 3.627655 | Z26: 0.25771085 | AA26: 0.34411245 | AD26: 175.89905
A27: Jackson Chourio | B27: MIL | C27: OF | D27: H | E27: 8.946464 | F27: 6 | G27: speed specialist | H27: 19.190001 | I27: -6.8099995 | J27: 1.6576452 | K27: 1.5509981 | L27: 1.3637687 | M27: 2.2893082 | N27: 1.5182986 | O27: 0.31433775 | U27: 616.9266 | V27: 83.880195 | W27: 79.341075 | X27: 23.153765 | Y27: 23.2404 | Z27: 0.2692161 | AA27: 0.3181616 | AD27: 124.5772
A28: Junior Caminero | B28: TBR | C28: 3B | D28: H | E28: 8.8937353 | F28: 6 | G28: power boost | H28: 16.540001 | I28: -10.459999 | J28: 1.5716537 | K28: 2.4446007 | L28: 2.8728661 | M28: -0.15170131 | N28: 1.5332383 | O28: 0.47212749 | U28: 615.192 | V28: 81.721535 | W28: 101.56668 | X28: 36.279675 | Y28: 5.532177 | Z28: 0.2694884 | AA28: 0.32171355 | AD28: 119.9744
A29: James Wood | B29: WSN | C29: OF | D29: H | E29: 8.8717017 | F29: 6 | G29: speed specialist | H29: 37.150002 | I29: 9.1500015 | J29: 1.6516288 | K29: 1.4608894 | L29: 1.5309593 | M29: 1.3536895 | N29: 0.93147433 | O29: 1.6889248 | U29: 618.6256 | V29: 83.729165 | W29: 77.0999 | X29: 24.607965 | Y29: 16.452985 | Z29: 0.25852035 | AA29: 0.34910445 | AD29: 180.2017
A30: Bryan Woo | B30: SEA | C30: SP | D30: P | E30: 8.8277547 | F30: 6 | G30: strikeout arm | H30: 34.900002 | I30: 5.9000015 | P30: 2.7327605 | Q30: 2.6348132 | R30: -0.73960027 | S30: 1.4265119 | T30: 2.5336694 | AB30: 190.42645 | AC30: 17.578865 | AD30: 191.7678 | AE30: 0 | AF30: 3.48801 | AG30: 1.080079
A31: Zach Neto | B31: LAA | C31: SS | D31: H | E31: 8.7829602 | F31: 6 | G31: speed specialist | H31: 31.74 | I31: 1.7399998 | J31: 1.6945256 | K31: 1.3038554 | L31: 1.7258206 | M31: 2.7911494 | N31: 0.51913783 | O31: 0.4038798 | U31: 621.5585 | V31: 84.80601 | W31: 73.194165 | X31: 26.30284 | Y31: 26.88099 | Z31: 0.2510049 | AA31: 0.32017725 | AD31: 151.74695
A32: Cristopher Sánchez | B32: PHI | C32: SP | D32: P | E32: 8.781851 | F32: 6 | G32: strikeout arm | H32: 25.17 | I32: -5.8299999 | P32: 3.0144981 | Q32: 2.5568298 | R32: -0.73960027 | S32: 2.114921 | T32: 1.6385223 | AB32: 194.47005 | AC32: 19.034795 | AD32: 188.25245 | AE32: 0 | AF32: 3.179924 | AG32: 1.1614855
A33: Brent Rooker | B33: ATH | C33: OF | D33: H | E33: 8.7270085 | F33: 6 | G33: power boost | H33: 42.450001 | I33: 10.450001 | J33: 1.729212 | K33: 2.1188802 | L33: 2.3952811 | M33: -0.075192447 | N33: 1.1280288 | O33: 1.2103202 | U33: 627.9423 | V33: 85.67675 | W33: 93.465385 | X33: 32.12571 | Y33: 6.087208 | Z33: 0.26210285 | AA33: 0.33833075 | AD33: 159.30675
A34: Wyatt Langford | B34: TEX | C34: OF | D34: H | E34: 8.6899663 | F34: 6 | G34: speed specialist | H34: 38.560001 | I34: 5.5600014 | J34: 1.6164104 | K34: 1.2776176 | L34: 1.441439 | M34: 1.9457261 | N34: 0.59701801 | O34: 1.5223675 | U34: 594.2719 | V34: 82.84507 | W34: 72.54158 | X34: 23.82933 | Y34: 20.747895 | Z34: 0.2524767 | AA34: 0.3455199 | AD34: 137.7636
A35: Logan Webb | B35: SFG | C35: SP | D35: P | E35: 8.4059765 | F35: 6 | G35: strikeout arm | H35: 57.73 | I35: 23.73 | P35: 3.0269312 | Q35: 2.5529266 | R35: -0.73095857 | S35: 1.9109127 | T35: 1.3232445 | AB35: 198.4364 | AC35: 19.099045 | AD35: 188.0765 | AE35: 0.071422 | AF35: 3.2712245 | AG35: 1.1901575
A36: Maikel Garcia | B36: KCR | C36: 3B | D36: H | E36: 8.3201527 | F36: 6 | G36: speed specialist | H36: 63.869999 | I36: 28.869999 | J36: 1.5958383 | K36: 0.95655815 | L36: 0.18658245 | M36: 2.6503706 | N36: 1.628391 | O36: 0.95204917 | U36: 632.7046 | V36: 82.328645 | W36: 64.55622 | X36: 12.91477 | Y36: 25.859715 | Z36: 0.2712227 | AA36: 0.3325169 | AD36: 92.916395
A37: Yandy Díaz | B37: TBR | C37: 1B | D37: H | E37: 8.2783797 | F37: 6 | G37: power boost | H37: 138.10001 | I37: 102.10001 | J37: 1.4235926 | K37: 1.3328614 | L37: 1.0734517 | M37: -0.57840592 | N37: 2.4736851 | O37: 2.1115003 | U37: 615.20465 | V37: 78.00473 | W37: 73.9156 | X37: 20.62863 | Y37: 2.4366625 | Z37: 0.28662945 | AA37: 0.3586169 | AD37: 93.781495
A38: Logan Gilbert | B38: SEA | C38: SP | D38: P | E38: 8.2570349 | F38: 6 | G38: strikeout arm | H38: 37.110001 | I38: 0.11000061 | P38: 2.3006952 | Q38: 2.4448866 | R38: -0.73960027 | S38: 1.5308089 | T38: 2.4838046 | AB38: 166.1385 | AC38: 15.34609 | AD38: 183.20625 | AE38: 0 | AF38: 3.4133265 | AG38: 1.0753795
A39: George Springer | B39: TOR | C39: OF | D39: H | E39: 8.2270657 | F39: 6 | G39: power boost | H39: 94.419998 | I39: 56.419998 | J39: 1.6375828 | K39: 1.2952294 | L39: 1.6226544 | M39: 0.89752712 | N39: 1.008907 | O39: 1.3383491 | U39: 582.3883 | V39: 83.376565 | W39: 72.97962 | X39: 25.405515 | Y39: 13.14377 | Z39: 0.26020765 | AA39: 0.3416649 | AD39: 112.8886
A40: Pete Alonso | B40: BAL | C40: 1B | D40: H | E40: 8.2139833 | F40: 6 | G40: power boost | H40: 24.4 | I40: -14.6 | J40: 1.7674711 | K40: 2.4149078 | L40: 2.848375 | M40: -0.58259988 | N40: 0.59713142 | O40: 1.0494186 | U40: 650.79815 | V40: 86.637175 | W40: 100.82815 | X40: 36.066655 | Y40: 2.4062375 | Z40: 0.25242645 | AA40: 0.33470875 | AD40: 150.42365
A41: Jacob deGrom | B41: TEX | C41: SP | D41: P | E41: 8.2117592 | F41: 6 | G41: strikeout arm | H41: 49.970001 | I41: 9.9700012 | P41: 2.2530258 | Q41: 2.5746355 | R41: -0.73960027 | S41: 1.383641 | T41: 2.4561771 | AB41: 166.57495 | AC41: 15.09975 | AD41: 189.0551 | AE41: 0 | AF41: 3.4827265 | AG41: 1.0782995
A42: Mookie Betts | B42: LAD | C42: SS | D42: H | E42: 8.15979 | F42: 6 | G42: power boost | H42: 60.07 | I42: 19.07 | J42: 1.7248894 | K42: 1.541027 | L42: 1.1447837 | M42: 0.24878311 | N42: 1.5425874 | O42: 1.7425372 | U42: 610.8886 | V42: 85.56824 | W42: 79.093075 | X42: 21.249065 | Y42: 8.437478 | Z42: 0.2696588 | AA42: 0.3503113 | AD42: 71.02905
A43: Jazz Chisholm Jr. | B43: NYY | C43: 2B | D43: H | E43: 8.0540659 | F43: 6 | G43: speed specialist | H43: 19.610001 | I43: -22.389999 | J43: 1.4049776 | K43: 1.2923493 | L43: 1.7933534 | M43: 3.2542158 | N43: -0.19974712 | O43: 0.20080916 | U43: 570.94225 | V43: 77.537435 | W43: 72.907985 | X43: 26.89023 | Y43: 30.24029 | Z43: 0.23781065 | AA43: 0.3157196 | AD43: 151.1852
A44: Mason Miller | B44: SDP | C44: RP | D44: P | E44: 8.037797 | F44: 6 | G44: RP saves+holds | H44: 28.08 | I44: -14.92 | P44: -0.66490298 | Q44: 0.65647287 | R44: 3.4294193 | S44: 2.2760937 | T44: 2.148394 | AB44: 65.349 | AC44: 0.02082908 | AD44: 102.58779 | AE44: 34.456152 | AF44: 2.435855 | AG44: 0.98623455
A45: Pete Crow-Armstrong | B45: CHC | C45: OF | D45: H | E45: 7.9762705 | F45: 6 | G45: speed specialist | H45: 32.93 | I45: -11.07 | J45: 1.5150119 | K45: 1.4095357 | L45: 1.3313607 | M45: 3.6158433 | N45: 0.31751105 | O45: -0.57714686 | U45: 600.38465 | V45: 80.299645 | W45: 75.822635 | X45: 22.871885 | Y45: 32.863705 | Z45: 0.24732995 | AA45: 0.2980937 | AD45: 144.94365
A46: Zack Wheeler | B46: PHI | C46: SP | D46: P | E46: 7.8471712 | F46: 6 | G46: strikeout arm | H46: 111.97 | I46: 66.970001 | P46: 2.1434408 | Q46: 2.039166 | R46: -0.73960027 | S46: 1.728003 | T46: 2.1602816 | AB46: 145.37785 | AC46: 14.53345 | AD46: 164.9171 | AE46: 0 | AF46: 3.2659095 | AG46: 1.09189
A47: Cole Ragans | B47: KCR | C47: SP | D47: P | E47: 7.8293896 | F47: 6 | G47: strikeout arm | H47: 47.779999 | I47: 1.7799988 | P47: 2.3415568 | Q47: 2.8518871 | R47: -0.73960027 | S47: 1.5850769 | T47: 1.5233491 | AB47: 163.2591 | AC47: 15.55725 | AD47: 201.5531 | AE47: 0 | AF47: 3.381564 | AG47: 1.16503
A48: Corey Seager | B48: TEX | C48: SS | D48: H | E48: 7.7935952 | F48: 6 | G48: power boost | H48: 95.459999 | I48: 48.459999 | J48: 1.1546657 | K48: 1.4729422 | L48: 1.7357466 | M48: -0.59670595 | N48: 1.6994998 | O48: 2.0292022 | U48: 522.50075 | V48: 71.25381 | W48: 77.399675 | X48: 26.389175 | Y48: 2.3039055 | Z48: 0.2747366 | AA48: 0.36003485 | AD48: 96.64507
A49: Max Fried | B49: NYY | C49: SP | D49: P | E49: 7.7763449 | F49: 7 | G49: strikeout arm | H49: 50.09 | I49: 2.0900002 | P49: 2.8154126 | Q49: 2.2687238 | R49: -0.73960027 | S49: 1.829645 | T49: 1.3298037 | AB49: 185.6315 | AC49: 18.005985 | AD49: 175.26515 | AE49: 0 | AF49: 3.3075945 | AG49: 1.189561
A50: Geraldo Perdomo | B50: ARI | C50: SS | D50: H | E50: 7.6210321 | F50: 7 | G50: speed specialist | H50: 77.290001 | I50: 28.290001 | J50: 1.507474 | K50: 0.84807792 | L50: 0.095588169 | M50: 1.6768428 | N50: 1.1911238 | O50: 2.0069053 | U50: 616.55855 | V50: 80.11042 | W50: 61.85811 | X50: 12.123315 | Y50: 18.79729 | Z50: 0.26325285 | AA50: 0.3562624 | AD50: 82.62948
A51: Brice Turang | B51: MIL | C51: 2B | D51: H | E51: 7.5923107 | F51: 7 | G51: speed specialist | H51: 48.900002 | I51: -1.0999985 | J51: 1.4391615 | K51: 0.89519574 | L51: 0.32101674 | M51: 3.0490139 | N51: 0.87970629 | O51: 0.71594317 | U51: 626.0927 | V51: 78.39556 | W51: 63.03002 | X51: 14.08406 | Y51: 28.75166 | Z51: 0.2575768 | AA51: 0.327202 | AD51: 130.4813
A52: Hunter Brown | B52: HOU | C52: SP | D52: P | E52: 7.5198707 | F52: 7 | G52: strikeout arm | H52: 36.400002 | I52: -14.599998 | P52: 2.6704694 | Q52: 2.7487974 | R52: -0.73960027 | S52: 1.3951958 | T52: 1.2354084 | AB52: 181.8112 | AC52: 17.256965 | AD52: 196.906 | AE52: 0 | AF52: 3.502025 | AG52: 1.1981455
A53: Jarren Duran | B53: BOS | C53: OF | D53: H | E53: 7.4947275 | F53: 7 | G53: speed specialist | H53: 64.830002 | I53: 12.830002 | J53: 1.4853316 | K53: 1.1170412 | L53: 0.62889611 | M53: 2.2188427 | N53: 1.0014411 | O53: 0.72080754 | U53: 601.72755 | V53: 79.554575 | W53: 68.54774 | X53: 16.76195 | Y53: 22.72921 | Z53: 0.2597956 | AA53: 0.3273115 | AD53: 140.4435
A54: George Kirby | B54: SEA | C54: SP | D54: P | E54: 7.4789081 | F54: 7 | G54: strikeout arm | H54: 64.559998 | I54: 11.559998 | P54: 2.4102056 | Q54: 2.1131463 | R54: -0.73960027 | S54: 1.2442568 | T54: 2.1326596 | AB54: 172.0139 | AC54: 15.912005 | AD54: 168.252 | AE54: 0 | AF54: 3.5567955 | AG54: 1.1120965
A55: Cal Raleigh | B55: SEA | C55: C | D55: H | E55: 7.4767162 | F55: 7 | G55: power boost | H55: 18.629999 | I55: -35.370001 | J55: 1.7216343 | K55: 2.2828272 | L55: 3.1413329 | M55: 0.16015186 | N55: -0.71441242 | O55: 0.74142222 | U55: 617.2834 | V55: 85.486525 | W55: 97.54306 | X55: 38.61476 | Y55: 7.7945055 | Z55: 0.2285216 | AA55: 0.32777555 | AD55: 166.87205
A56: Nico Hoerner | B56: CHC | C56: 2B | D56: H | E56: 7.4672396 | F56: 7 | G56: speed specialist | H56: 102.33 | I56: 47.330002 | J56: 1.1753599 | K56: 0.66921125 | L56: -0.48069543 | M56: 2.5637502 | N56: 2.1178378 | O56: 1.0231999 | U56: 605.78175 | V56: 71.7733 | W56: 57.409355 | X56: 7.110884 | Y56: 25.23133 | Z56: 0.2801436 | AA56: 0.33411855 | AD56: 57.25618
A57: Manny Machado | B57: SDP | C57: 3B | D57: H | E57: 7.3285202 | F57: 7 | G57: power boost | H57: 37.48 | I57: -18.52 | J57: 1.404975 | K57: 1.8585996 | L57: 1.7657695 | M57: 0.29600188 | N57: 1.2459615 | O57: 0.63323122 | U57: 615.6604 | V57: 77.53737 | W57: 86.99171 | X57: 26.65031 | Y57: 8.780025 | Z57: 0.26425235 | AA57: 0.3253401 | AD57: 119.31695
A58: Rafael Devers | B58: SFG | C58: 1B | D58: H | E58: 7.2703353 | F58: 7 | G58: power boost | H58: 61.169998 | I58: 4.1699982 | J58: 1.6688005 | K58: 1.9064067 | L58: 2.0578577 | M58: -0.61742394 | N58: 0.41225498 | O58: 1.6845913 | U58: 640.6081 | V58: 84.16023 | W58: 88.180765 | X58: 29.19085 | Y58: 2.1536075 | Z58: 0.2490568 | AA58: 0.3490069 | AD58: 157.16455
A59: Randy Arozarena | B59: SEA | C59: OF | D59: H | E59: 7.266626 | F59: 7 | G59: speed specialist | H59: 89.260002 | I59: 31.260002 | J59: 1.6291121 | K59: 1.3078336 | L59: 1.3087724 | M59: 2.2809286 | N59: -0.47972388 | O59: 0.79106538 | U59: 643.91625 | V59: 83.163925 | W59: 73.29311 | X59: 22.675415 | Y59: 23.17961 | Z59: 0.23279915 | AA59: 0.32889305 | AD59: 169.2747
A60: Jesús Luzardo | B60: PHI | C60: SP | D60: P | E60: 7.2432212 | F60: 7 | G60: strikeout arm | H60: 71.110001 | I60: 12.110001 | P60: 2.4503 | Q60: 2.7297871 | R60: -0.73960027 | S60: 1.05936 | T60: 1.4029344 | AB60: 178.51285 | AC60: 16.1192 | AD60: 196.04905 | AE60: 0 | AF60: 3.650352 | AG60: 1.18238
A61: Roman Anthony | B61: BOS | C61: OF | D61: H | E61: 7.0915981 | F61: 7 | G61: ratio stabilizer | H61: 51.25 | I61: -8.75 | J61: 1.4870602 | K61: 0.91524407 | L61: 0.73574832 | M61: 0.42662485 | N61: 1.251603 | O61: 2.1586091 | U61: 575.10205 | V61: 79.59797 | W61: 63.52866 | X61: 17.691335 | Y61: 9.727625 | Z61: 0.26484375 | AA61: 0.36071805 | AD61: 143.10005
A62: Josh Naylor | B62: SEA | C62: 1B | D62: H | E62: 7.0895771 | F62: 7 | G62: speed specialist | H62: 67.129997 | I62: 6.1299973 | J62: 1.1843084 | K62: 1.6091002 | L62: 1.1756901 | M62: 1.2106852 | N62: 1.0076604 | O62: 0.65509421 | U62: 592.1719 | V62: 71.997935 | W62: 80.786185 | X62: 21.517885 | Y62: 15.415565 | Z62: 0.26002995 | AA62: 0.3259294 | AD62: 88.997235
A63: Joe Ryan | B63: MIN | C63: SP | D63: P | E63: 7.0859316 | F63: 7 | G63: strikeout arm | H63: 78.809998 | I63: 16.809998 | P63: 2.2164581 | Q63: 2.5089852 | R63: -0.73960027 | S63: 0.68400049 | T63: 2.0528481 | AB63: 169.488 | AC63: 14.91078 | AD63: 186.0957 | AE63: 0 | AF63: 3.8109585 | AG63: 1.1181035
A64: Oneil Cruz | B64: PIT | C64: OF | D64: H | E64: 7.070143 | F64: 7 | G64: speed specialist | H64: 93.169998 | I64: 30.169998 | J64: 1.2322029 | K64: 0.94911964 | L64: 1.2741886 | M64: 2.8325997 | N64: -0.14667493 | O64: 0.44918482 | U64: 530.74765 | V64: 73.20024 | W64: 64.37121 | X64: 22.37461 | Y64: 27.18169 | Z64: 0.2387004 | AA64: 0.32183655 | AD64: 159.5994
A65: CJ Abrams | B65: WSN | C65: SS | D65: H | E65: 7.0603868 | F65: 7 | G65: speed specialist | H65: 64.93 | I65: 0.93000031 | J65: 1.3893714 | K65: 1.0003783 | L65: 0.76213528 | M65: 3.1389647 | N65: 0.43728173 | O65: -0.025663508 | U65: 605.3419 | V65: 77.14567 | W65: 65.64611 | X65: 17.920845 | Y65: 29.404205 | Z65: 0.24951295 | AA65: 0.31050795 | AD65: 116.0408
A66: Yoshinobu Yamamoto | B66: LAD | C66: SP | D66: P | E66: 7.0581416 | F66: 7 | G66: strikeout arm | H66: 26.639999 | I66: -38.360001 | P66: 2.2059205 | Q66: 2.1116212 | R66: -0.73960027 | S66: 1.6199508 | T66: 1.7016893 | AB66: 157.2634 | AC66: 14.856325 | AD66: 168.18325 | AE66: 0 | AF66: 3.3508005 | AG66: 1.1449315
A67: Dylan Cease | B67: TOR | C67: SP | D67: P | E67: 7.0078856 | F67: 7 | G67: strikeout arm | H67: 74.269997 | I67: 8.2699966 | P67: 2.3199514 | Q67: 2.901228 | R67: -0.73960027 | S67: 1.1274789 | T67: 1.0617476 | AB67: 173.06515 | AC67: 15.4456 | AD67: 203.7773 | AE67: 0 | AF67: 3.611827 | AG67: 1.212023
A68: Jeremy Peña | B68: HOU | C68: SS | D68: H | E68: 6.9761788 | F68: 7 | G68: speed specialist | H68: 121.82 | I68: 54.82 | J68: 1.2734399 | K68: 0.9741521 | L68: 0.61432412 | M68: 1.3212467 | N68: 1.6884571 | O68: 0.67560353 | U68: 581.14665 | V68: 74.23542 | W68: 64.993815 | X68: 16.635205 | Y68: 16.21763 | Z68: 0.2728127 | AA68: 0.32653865 | AD68: 103.34519
A69: William Contreras | B69: MIL | C69: C | D69: H | E69: 6.9682519 | F69: 7 | G69: ratio stabilizer | H69: 56.209999 | I69: -11.790001 | J69: 1.2827216 | K69: 1.4463905 | L69: 0.99390278 | M69: -0.11706031 | N69: 1.3693607 | O69: 1.8993793 | U69: 595.07045 | V69: 74.46842 | W69: 76.739285 | X69: 19.936725 | Y69: 5.783479 | Z69: 0.26660465 | AA69: 0.35401865 | AD69: 114.6401
A70: Framber Valdez | B70: DET | C70: SP | D70: P | E70: 6.9089378 | F70: 7 | G70: strikeout arm | H70: 81.849998 | I70: 12.849998 | P70: 2.782363 | Q70: 2.2806065 | R70: -0.73960027 | S70: 1.5118475 | T70: 0.71032117 | AB70: 189.442 | AC70: 17.835195 | AD70: 175.8008 | AE70: 0 | AF70: 3.4498195 | AG70: 1.245898
A71: Matt Olson | B71: ATL | C71: 1B | D71: H | E71: 6.8810583 | F71: 7 | G71: power boost | H71: 48.459999 | I71: -21.540001 | J71: 1.7400303 | K71: 2.0356632 | L71: 2.0653302 | M71: -0.77241496 | N71: 0.34716293 | O71: 1.3948928 | U71: 660.28835 | V71: 85.948325 | W71: 91.39562 | X71: 29.255845 | Y71: 1.0292303 | Z71: 0.2478704 | AA71: 0.3424856 | AD71: 158.34275
A72: Edwin Díaz | B72: LAD | C72: RP | D72: P | E72: 6.8499552 | F72: 7 | G72: RP saves+holds | H72: 32.950001 | I72: -38.049999 | P72: -0.66893362 | Q72: 0.38707444 | R72: 3.9005415 | S72: 1.4841571 | T72: 1.5713157 | AB72: 65.5616 | AC72: 0 | AD72: 90.443795 | AE72: 38.349887 | AF72: 3.025854 | AG72: 1.073719
A73: Nolan Schanuel | B73: LAA | C73: 1B | D73: H | E73: 6.8075253 | F73: 7 | G73: ratio stabilizer | H73: 586.56 | I73: 514.56 | J73: 1.037628 | K73: 0.66418209 | L73: 0.1626251 | M73: -0.085255281 | N73: 1.1249836 | O73: 1.9002665 | U73: 584.38695 | V73: 68.31579 | W73: 57.28427 | X73: 12.706392 | Y73: 6.0142075 | Z73: 0.26231945 | AA73: 0.35442955 | AD73: 80.897825
A74: Sonny Gray | B74: BOS | C74: SP | D74: P | E74: 6.6566075 | F74: 7 | G74: strikeout arm | H74: 137.82001 | I74: 64.820007 | P74: 2.3384162 | Q74: 2.4587691 | R74: -0.73960027 | S74: 0.83912066 | T74: 1.1806218 | AB74: 175.11295 | AC74: 15.54102 | AD74: 183.83205 | AE74: 0 | AF74: 3.745683 | AG74: 1.20164
A75: Jose A. Ferrer | B75: SEA | C75: RP | D75: P | E75: 6.6564274 | F75: 7 | G75: RP saves+holds | H75: 999 | I75: 925 | P75: -0.66893362 | Q75: -0.19059954 | R75: 1.6990832 | S75: 1.1950435 | T75: 0.8618339 | AB75: 67.86584 | AC75: 0 | AD75: 64.403295 | AE75: 20.155254 | AF75: 3.2554185 | AG75: 1.1828525
A76: Luke Keaschall | B76: MIN | C76: 2B | D76: H | E76: 6.5813792 | F76: 7 | G76: speed specialist | H76: 116.78 | I76: 41.779999 | J76: 0.86715816 | K76: 0.53990251 | L76: -0.094696683 | M76: 2.0589212 | N76: 1.340716 | O76: 1.468048 | U76: 515.122 | V76: 64.036455 | W76: 54.1932 | X76: 10.468245 | Y76: 21.569065 | Z76: 0.2679159 | AA76: 0.3467512 | AD76: 87.70419
A77: Christian Yelich | B77: MIL | C77: OF | D77: H | E77: 6.5646346 | F77: 7 | G77: speed specialist | H77: 126.72 | I77: 50.720001 | J77: 1.0113704 | K77: 1.0762882 | L77: 0.72794984 | M77: 1.1139269 | N77: 0.82895389 | O77: 1.3851567 | U77: 538.61535 | V77: 67.65664 | W77: 67.534135 | X77: 17.623505 | Y77: 14.713635 | Z77: 0.2574895 | AA77: 0.3439953 | AD77: 129.4293
A78: Cade Smith | B78: CLE | C78: RP | D78: P | E78: 6.5169912 | F78: 7 | G78: RP saves+holds | H78: 39.66 | I78: -37.34 | P78: -0.66893362 | Q78: 0.35441075 | R78: 3.3436056 | S78: 1.6576391 | T78: 1.6396294 | AB78: 69.34672 | AC78: 0 | AD78: 88.971375 | AE78: 33.746918 | AF78: 2.931227 | AG78: 1.0702625
A79: Nathan Eovaldi | B79: TEX | C79: SP | D79: P | E79: 6.4996148 | F79: 8 | G79: strikeout arm | H79: 133.53999 | I79: 55.539993 | P79: 2.2430242 | Q79: 1.9433902 | R79: -0.7313172 | S79: 0.94471834 | T79: 1.5416393 | AB79: 165.73345 | AC79: 15.048065 | AD79: 160.5997 | AE79: 0.068458 | AF79: 3.685807 | AG79: 1.1643865
A80: Jackson Merrill | B80: SDP | C80: OF | D80: H | E80: 6.4807388 | F80: 8 | G80: power boost | H80: 70.699997 | I80: -8.3000031 | J80: 1.3058185 | K80: 1.5902506 | L80: 1.2643051 | M80: 0.15161284 | N80: 1.5494733 | O80: 0.4404334 | U80: 596.84085 | V80: 75.048225 | W80: 80.31736 | X80: 22.288645 | Y80: 7.7325595 | Z80: 0.26985895 | AA80: 0.3210263 | AD80: 116.70655
A81: Jose Altuve | B81: HOU | C81: 2B | D81: H | E81: 6.4678725 | F81: 8 | G81: power boost | H81: 115.74 | I81: 35.739998 | J81: 1.4166355 | K81: 1.0679603 | L81: 1.0321283 | M81: 0.72924805 | N81: 1.1030736 | O81: 0.75723414 | U81: 596.2783 | V81: 77.830085 | W81: 67.327005 | X81: 20.269205 | Y81: 11.922995 | Z81: 0.26171065 | AA81: 0.3281846 | AD81: 102.47685
A82: Xavier Edwards | B82: MIA | C82: 2B | D82: H | E82: 6.4080534 | F82: 8 | G82: speed specialist | H82: 181.64 | I82: 100.64 | J82: 0.87004246 | K82: 0.027424298 | L82: -0.92587382 | M82: 2.5821064 | N82: 1.9652257 | O82: 1.2882963 | U82: 540.3339 | V82: 64.10886 | W82: 41.44689 | X82: 3.238787 | Y82: 25.364495 | Z82: 0.2792879 | AA82: 0.3416453 | AD82: 76.28068
A83: Austin Riley | B83: ATL | C83: 3B | D83: H | E83: 6.3847973 | F83: 8 | G83: power boost | H83: 60.360001 | I83: -21.639999 | J83: 1.5502008 | K83: 1.9081149 | L83: 1.9380494 | M83: -0.56908986 | N83: 0.9563941 | O83: 0.48701155 | U83: 627.57055 | V83: 81.183 | W83: 88.22325 | X83: 28.148775 | Y83: 2.5042455 | Z83: 0.25897455 | AA83: 0.3220486 | AD83: 163.6202
A84: Brandon Nimmo | B84: TEX | C84: OF | D84: H | E84: 6.3341741 | F84: 8 | G84: power boost | H84: 144.89 | I84: 61.889999 | J84: 1.5283098 | K84: 1.2364589 | L84: 1.2089564 | M84: 0.33006055 | N84: 0.60651886 | O84: 0.97812349 | U84: 623.85095 | V84: 80.633465 | W84: 71.517885 | X84: 21.80723 | Y84: 9.0271025 | Z84: 0.25259755 | AA84: 0.33310385 | AD84: 136.7031
A85: Iván Herrera | B85: STL | C85: C | D85: H | E85: 6.329821 | F85: 8 | G85: ratio stabilizer | H85: 176.37 | I85: 92.369995 | J85: 0.89299154 | K85: 0.91986394 | L85: 0.65551704 | M85: 0.14871256 | N85: 1.418833 | O85: 1.7920195 | U85: 518.2919 | V85: 64.684955 | W85: 63.643565 | X85: 16.993495 | Y85: 7.7115195 | Z85: 0.26936705 | AA85: 0.3544886 | AD85: 103.47016
A86: Seiya Suzuki | B86: CHC | C86: OF | D86: H | E86: 6.3050141 | F86: 8 | G86: power boost | H86: 110.47 | I86: 25.470001 | J86: 1.1980989 | K86: 1.446138 | L86: 1.4448669 | M86: 0.13419475 | N86: 0.68561451 | O86: 1.0792377 | U86: 557.50925 | V86: 72.34412 | W86: 76.733005 | X86: 23.859145 | Y86: 7.6062005 | Z86: 0.25450665 | AA86: 0.3362888 | AD86: 140.83145
A87: Steven Kwan | B87: CLE | C87: OF | D87: H | E87: 6.2973895 | F87: 8 | G87: speed specialist | H87: 169.36 | I87: 83.360001 | J87: 1.3060266 | K87: 0.41843695 | L87: -0.35555376 | M87: 1.4072751 | N87: 1.6665059 | O87: 1.3622972 | U87: 615.19435 | V87: 75.05345 | W87: 51.17212 | X87: 8.199348 | Y87: 16.84172 | Z87: 0.2719174 | AA87: 0.34175185 | AD87: 56.318515
A88: Bo Bichette | B88: NYM | C88: SS | D88: H | E88: 6.2583043 | F88: 8 | G88: ratio stabilizer | H88: 93.260002 | I88: 6.2600021 | J88: 1.1092066 | K88: 1.2126372 | L88: 0.60512243 | M88: -0.18420742 | N88: 2.3781677 | O88: 0.96738674 | U88: 567.3345 | V88: 70.11264 | W88: 70.925395 | X88: 16.55517 | Y88: 5.2963625 | Z88: 0.2861189 | AA88: 0.3334803 | AD88: 92.56573
A89: Riley Greene | B89: DET | C89: OF | D89: H | E89: 6.2414977 | F89: 8 | G89: power boost | H89: 78.190002 | I89: -9.8099976 | J89: 1.4494427 | K89: 1.776271 | L89: 1.777899 | M89: -0.4197893 | N89: 0.7850474 | O89: 0.70140339 | U89: 612.97285 | V89: 78.65365 | W89: 84.94404 | X89: 26.75581 | Y89: 3.5873415 | Z89: 0.2558515 | AA89: 0.3268747 | AD89: 170.98215
A90: Byron Buxton | B90: MIN | C90: OF | D90: H | E90: 6.2397944 | F90: 8 | G90: speed specialist | H90: 73.199997 | I90: -15.800003 | J90: 1.3117219 | K90: 1.1667994 | L90: 1.75501 | M90: 1.1233631 | N90: 0.35728345 | O90: 0.24949519 | U90: 512.03785 | V90: 75.19642 | W90: 69.78532 | X90: 26.556725 | Y90: 14.78209 | Z90: 0.24859205 | AA90: 0.31716525 | AD90: 139.89735
A91: Luis Arraez | B91: SFG | C91: 1B | D91: H | E91: 6.2247391 | F91: 8 | G91: ratio stabilizer | H91: 280.23001 | I91: 190.23001 | J91: 1.0214563 | K91: 0.49286309 | L91: -0.84371126 | M91: 0.2660766 | N91: 3.2055975 | O91: 1.2806958 | U91: 601.07545 | V91: 67.90983 | W91: 53.02324 | X91: 3.953425 | Y91: 8.562933 | Z91: 0.29996965 | AA91: 0.33991495 | AD91: 24.40271
A92: Nick Pivetta | B92: SDP | C92: SP | D92: P | E92: 6.2225835 | F92: 8 | G92: strikeout arm | H92: 96.029999 | I92: 5.0299988 | P92: 2.1850698 | Q92: 2.5321982 | R92: -0.73960027 | S92: 0.41209321 | T92: 1.4327026 | AB92: 170.77415 | AC92: 14.748575 | AD92: 187.1421 | AE92: 0 | AF92: 3.93708 | AG92: 1.17673
A93: Gleyber Torres | B93: DET | C93: 2B | D93: H | E93: 6.1394997 | F93: 8 | G93: ratio stabilizer | H93: 261.87 | I93: 169.87 | J93: 1.4277353 | K93: 1.0689506 | L93: 0.68071521 | M93: -0.12850939 | N93: 0.88231513 | O93: 1.4291899 | U93: 633.4702 | V93: 78.108725 | W93: 67.351635 | X93: 17.212665 | Y93: 5.700422 | Z93: 0.25762435 | AA93: 0.34325765 | AD93: 109.0669
A94: Alex Bregman | B94: CHC | C94: 3B | D94: H | E94: 6.1034468 | F94: 8 | G94: power boost | H94: 119.3 | I94: 26.300003 | J94: 1.5447884 | K94: 1.5360915 | L94: 1.3277529 | M94: -0.57308382 | N94: 0.76146086 | O94: 1.2437799 | U94: 640.34595 | V94: 81.04713 | W94: 78.97032 | X94: 22.840505 | Y94: 2.4752715 | Z94: 0.2554216 | AA94: 0.33908395 | AD94: 89.8129
A95: Brandon Woodruff | B95: MIL | C95: SP | D95: P | E95: 6.0929173 | F95: 8 | G95: strikeout arm | H95: 143.62 | I95: 49.619995 | P95: 1.9406099 | Q95: 1.9688881 | R95: -0.73960027 | S95: 0.70726909 | T95: 1.6372704 | AB95: 153.13385 | AC95: 13.485285 | AD95: 161.7491 | AE95: 0 | AF95: 3.7832505 | AG95: 1.1490655
A96: Jhoan Duran | B96: PHI | C96: RP | D96: P | E96: 6.0907883 | F96: 8 | G96: RP saves+holds | H96: 41.57 | I96: -53.43 | P96: -0.66893362 | Q96: 0.16584286 | R96: 3.2662477 | S96: 1.8309364 | T96: 1.3104149 | AB96: 68.25844 | AC96: 0 | AD96: 80.471075 | AE96: 33.10757 | AF96: 2.7957935 | AG96: 1.1169735
A97: Fernando Cruz | B97: NYY | C97: RP | D97: P | E97: 6.0775289 | F97: 8 | G97: RP saves+holds | H97: 999 | I97: 903 | P97: -0.66893362 | Q97: 0.15253465 | R97: 1.5021279 | S97: 0.85325766 | T97: 0.58254228 | AB97: 59.80732 | AC97: 0 | AD97: 79.871165 | AE97: 18.527456 | AF97: 3.463954 | AG97: 1.2185885
A98: Luis Castillo | B98: SEA | C98: SP | D98: P | E98: 6.0498882 | F98: 8 | G98: strikeout arm | H98: 170.66 | I98: 73.660004 | P98: 2.3304542 | Q98: 2.0590104 | R98: -0.73960027 | S98: 0.57704804 | T98: 1.1403358 | AB98: 177.15435 | AC98: 15.499875 | AD98: 165.81165 | AE98: 0 | AF98: 3.8661075 | AG98: 1.205962
A99: Chandler Simpson | B99: TBR | C99: OF | D99: H | E99: 6.0468381 | F99: 8 | G99: speed specialist | H99: 180.87 | I99: 82.869995 | J99: 0.27947491 | K99: -0.40359333 | L99: -1.193251 | M99: 4.208829 | N99: 1.9680827 | O99: 0.51166049 | U99: 415.516 | V99: 49.283735 | W99: 30.72666 | X99: 0.9131794 | Y99: 37.1655 | Z99: 0.2846479 | AA99: 0.32492615 | AD99: 44.620465
A100: Cody Bellinger | B100: NYY | C100: OF | D100: H | E100: 6.0130349 | F100: 8 | G100: power boost | H100: 80.459999 | I100: -18.540001 | J100: 1.2689604 | K100: 1.4502754 | L100: 1.2813765 | M100: 0.54526348 | N100: 0.84341192 | O100: 0.42774153 | U100: 585.53515 | V100: 74.12297 | W100: 76.83591 | X100: 22.43713 | Y100: 10.588285 | Z100: 0.257104 | AA100: 0.3208326 | AD100: 88.9908
...

Sheet goal_setup
A1: category | B1: goal_value
A2: R | B2: 997.79052
A3: RBI | B3: 934.97717
A4: HR | B4: 339.91129
A5: SB | B5: 185.47102
A6: AVG | B6: 0.27627347
A7: OBP | B7: 0.37224627
A8: QS | B8: 112.49849
A9: K | B9: 1471.3187
A10: Saves_plus_Holds | B10: 72.806039
A11: ERA | B11: 3.0299622
A12: WHIP | B12: 1.0711032

Sheet my_team
A1: Enter your drafted players in column B. Summary updates automatically.
A3: slot | B3: player_name | C3: team | D3: role | E3: type | F3: final_score | G3: note | H3: R | I3: RBI | J3: HR | K3: SB | L3: AVG | M3: OBP | N3: QS | O3: K | P3: Saves_plus_Holds | Q3: ERA | R3: WHIP | S3: PA | T3: IP | U3: include_in_summary | V3: category | W3: current | X3: goal | Y3: gap | Z3: auto_need | AA3: manual_need | AB3: effective_need | AD3: position | AE3: filled | AF3: target | AG3: gap
A4: C | C4: =IF($B4="","",XLOOKUP($B4,player_pool!$A$2:$A$2000,player_pool!$B$2:$B$2000,"")) | D4: =IF($B4="","",XLOOKUP($B4,player_pool!$A$2:$A$2000,player_pool!$C$2:$C$2000,"")) | E4: =IF($B4="","",XLOOKUP($B4,player_pool!$A$2:$A$2000,player_pool!$D$2:$D$2000,"")) | F4: =IF($B4="","",XLOOKUP($B4,player_pool!$A$2:$A$2000,player_pool!$E$2:$E$2000,"")) | G4: =IF($B4="","",XLOOKUP($B4,player_pool!$A$2:$A$2000,player_pool!$G$2:$G$2000,"")) | H4: =IF($B4="","",XLOOKUP($B4,player_pool!$A$2:$A$2000,player_pool!$V$2:$V$2000,"")) | I4: =IF($B4="","",XLOOKUP($B4,player_pool!$A$2:$A$2000,player_pool!$W$2:$W$2000,"")) | J4: =IF($B4="","",XLOOKUP($B4,player_pool!$A$2:$A$2000,player_pool!$X$2:$X$2000,"")) | K4: =IF($B4="","",XLOOKUP($B4,player_pool!$A$2:$A$2000,player_pool!$Y$2:$Y$2000,"")) | L4: =IF($B4="","",XLOOKUP($B4,player_pool!$A$2:$A$2000,player_pool!$Z$2:$Z$2000,"")) | M4: =IF($B4="","",XLOOKUP($B4,player_pool!$A$2:$A$2000,player_pool!$AA$2:$AA$2000,"")) | N4: =IF(OR($B4="",$E4<>"P"),"",XLOOKUP($B4,player_pool!$A$2:$A$2000,player_pool!$AC$2:$AC$2000,"")) | O4: =IF(OR($B4="",$E4<>"P"),"",XLOOKUP($B4,player_pool!$A$2:$A$2000,player_pool!$AD$2:$AD$2000,"")) | P4: =IF(OR($B4="",$E4<>"P"),"",XLOOKUP($B4,player_pool!$A$2:$A$2000,player_pool!$AE$2:$AE$2000,"")) | Q4: =IF(OR($B4="",$E4<>"P"),"",XLOOKUP($B4,player_pool!$A$2:$A$2000,player_pool!$AF$2:$AF$2000,"")) | R4: =IF(OR($B4="",$E4<>"P"),"",XLOOKUP($B4,player_pool!$A$2:$A$2000,player_pool!$AG$2:$AG$2000,"")) | S4: =IF($B4="","",XLOOKUP($B4,player_pool!$A$2:$A$2000,player_pool!$U$2:$U$2000,"")) | T4: =IF(OR($B4="",$E4<>"P"),"",XLOOKUP($B4,player_pool!$A$2:$A$2000,player_pool!$AB$2:$AB$2000,"")) | U4: 1 | V4: R | W4: =SUMPRODUCT(($U$4:$U$26=1)*$H$4:$H$26) | X4: =XLOOKUP(V4,goal_setup!$A$2:$A$12,goal_setup!$B$2:$B$12,"") | Y4: =IF(OR(W4="",X4=""),"",X4-W4) | Z4: =IF(OR(Y4="",X4=0),"",MAX(MIN((Y4/ABS(X4))*4,2),-2)) | AB4: =IF(AA4="",Z4,AA4) | AD4: C | AE4: =COUNTIF($D$4:$D$26,AD4) | AF4: 1 | AG4: =AF4-AE4
A5: 1B | C5: =IF($B5="","",XLOOKUP($B5,player_pool!$A$2:$A$2000,player_pool!$B$2:$B$2000,"")) | D5: =IF($B5="","",XLOOKUP($B5,player_pool!$A$2:$A$2000,player_pool!$C$2:$C$2000,"")) | E5: =IF($B5="","",XLOOKUP($B5,player_pool!$A$2:$A$2000,player_pool!$D$2:$D$2000,"")) | F5: =IF($B5="","",XLOOKUP($B5,player_pool!$A$2:$A$2000,player_pool!$E$2:$E$2000,"")) | G5: =IF($B5="","",XLOOKUP($B5,player_pool!$A$2:$A$2000,player_pool!$G$2:$G$2000,"")) | H5: =IF($B5="","",XLOOKUP($B5,player_pool!$A$2:$A$2000,player_pool!$V$2:$V$2000,"")) | I5: =IF($B5="","",XLOOKUP($B5,player_pool!$A$2:$A$2000,player_pool!$W$2:$W$2000,"")) | J5: =IF($B5="","",XLOOKUP($B5,player_pool!$A$2:$A$2000,player_pool!$X$2:$X$2000,"")) | K5: =IF($B5="","",XLOOKUP($B5,player_pool!$A$2:$A$2000,player_pool!$Y$2:$Y$2000,"")) | L5: =IF($B5="","",XLOOKUP($B5,player_pool!$A$2:$A$2000,player_pool!$Z$2:$Z$2000,"")) | M5: =IF($B5="","",XLOOKUP($B5,player_pool!$A$2:$A$2000,player_pool!$AA$2:$AA$2000,"")) | N5: =IF(OR($B5="",$E5<>"P"),"",XLOOKUP($B5,player_pool!$A$2:$A$2000,player_pool!$AC$2:$AC$2000,"")) | O5: =IF(OR($B5="",$E5<>"P"),"",XLOOKUP($B5,player_pool!$A$2:$A$2000,player_pool!$AD$2:$AD$2000,"")) | P5: =IF(OR($B5="",$E5<>"P"),"",XLOOKUP($B5,player_pool!$A$2:$A$2000,player_pool!$AE$2:$AE$2000,"")) | Q5: =IF(OR($B5="",$E5<>"P"),"",XLOOKUP($B5,player_pool!$A$2:$A$2000,player_pool!$AF$2:$AF$2000,"")) | R5: =IF(OR($B5="",$E5<>"P"),"",XLOOKUP($B5,player_pool!$A$2:$A$2000,player_pool!$AG$2:$AG$2000,"")) | S5: =IF($B5="","",XLOOKUP($B5,player_pool!$A$2:$A$2000,player_pool!$U$2:$U$2000,"")) | T5: =IF(OR($B5="",$E5<>"P"),"",XLOOKUP($B5,player_pool!$A$2:$A$2000,player_pool!$AB$2:$AB$2000,"")) | U5: 1 | V5: RBI | W5: =SUMPRODUCT(($U$4:$U$26=1)*$I$4:$I$26) | X5: =XLOOKUP(V5,goal_setup!$A$2:$A$12,goal_setup!$B$2:$B$12,"") | Y5: =IF(OR(W5="",X5=""),"",X5-W5) | Z5: =IF(OR(Y5="",X5=0),"",MAX(MIN((Y5/ABS(X5))*4,2),-2)) | AB5: =IF(AA5="",Z5,AA5) | AD5: 1B | AE5: =COUNTIF($D$4:$D$26,AD5) | AF5: 1 | AG5: =AF5-AE5
A6: 2B | C6: =IF($B6="","",XLOOKUP($B6,player_pool!$A$2:$A$2000,player_pool!$B$2:$B$2000,"")) | D6: =IF($B6="","",XLOOKUP($B6,player_pool!$A$2:$A$2000,player_pool!$C$2:$C$2000,"")) | E6: =IF($B6="","",XLOOKUP($B6,player_pool!$A$2:$A$2000,player_pool!$D$2:$D$2000,"")) | F6: =IF($B6="","",XLOOKUP($B6,player_pool!$A$2:$A$2000,player_pool!$E$2:$E$2000,"")) | G6: =IF($B6="","",XLOOKUP($B6,player_pool!$A$2:$A$2000,player_pool!$G$2:$G$2000,"")) | H6: =IF($B6="","",XLOOKUP($B6,player_pool!$A$2:$A$2000,player_pool!$V$2:$V$2000,"")) | I6: =IF($B6="","",XLOOKUP($B6,player_pool!$A$2:$A$2000,player_pool!$W$2:$W$2000,"")) | J6: =IF($B6="","",XLOOKUP($B6,player_pool!$A$2:$A$2000,player_pool!$X$2:$X$2000,"")) | K6: =IF($B6="","",XLOOKUP($B6,player_pool!$A$2:$A$2000,player_pool!$Y$2:$Y$2000,"")) | L6: =IF($B6="","",XLOOKUP($B6,player_pool!$A$2:$A$2000,player_pool!$Z$2:$Z$2000,"")) | M6: =IF($B6="","",XLOOKUP($B6,player_pool!$A$2:$A$2000,player_pool!$AA$2:$AA$2000,"")) | N6: =IF(OR($B6="",$E6<>"P"),"",XLOOKUP($B6,player_pool!$A$2:$A$2000,player_pool!$AC$2:$AC$2000,"")) | O6: =IF(OR($B6="",$E6<>"P"),"",XLOOKUP($B6,player_pool!$A$2:$A$2000,player_pool!$AD$2:$AD$2000,"")) | P6: =IF(OR($B6="",$E6<>"P"),"",XLOOKUP($B6,player_pool!$A$2:$A$2000,player_pool!$AE$2:$AE$2000,"")) | Q6: =IF(OR($B6="",$E6<>"P"),"",XLOOKUP($B6,player_pool!$A$2:$A$2000,player_pool!$AF$2:$AF$2000,"")) | R6: =IF(OR($B6="",$E6<>"P"),"",XLOOKUP($B6,player_pool!$A$2:$A$2000,player_pool!$AG$2:$AG$2000,"")) | S6: =IF($B6="","",XLOOKUP($B6,player_pool!$A$2:$A$2000,player_pool!$U$2:$U$2000,"")) | T6: =IF(OR($B6="",$E6<>"P"),"",XLOOKUP($B6,player_pool!$A$2:$A$2000,player_pool!$AB$2:$AB$2000,"")) | U6: 1 | V6: HR | W6: =SUMPRODUCT(($U$4:$U$26=1)*$J$4:$J$26) | X6: =XLOOKUP(V6,goal_setup!$A$2:$A$12,goal_setup!$B$2:$B$12,"") | Y6: =IF(OR(W6="",X6=""),"",X6-W6) | Z6: =IF(OR(Y6="",X6=0),"",MAX(MIN((Y6/ABS(X6))*4,2),-2)) | AB6: =IF(AA6="",Z6,AA6) | AD6: 2B | AE6: =COUNTIF($D$4:$D$26,AD6) | AF6: 1 | AG6: =AF6-AE6
A7: 3B | C7: =IF($B7="","",XLOOKUP($B7,player_pool!$A$2:$A$2000,player_pool!$B$2:$B$2000,"")) | D7: =IF($B7="","",XLOOKUP($B7,player_pool!$A$2:$A$2000,player_pool!$C$2:$C$2000,"")) | E7: =IF($B7="","",XLOOKUP($B7,player_pool!$A$2:$A$2000,player_pool!$D$2:$D$2000,"")) | F7: =IF($B7="","",XLOOKUP($B7,player_pool!$A$2:$A$2000,player_pool!$E$2:$E$2000,"")) | G7: =IF($B7="","",XLOOKUP($B7,player_pool!$A$2:$A$2000,player_pool!$G$2:$G$2000,"")) | H7: =IF($B7="","",XLOOKUP($B7,player_pool!$A$2:$A$2000,player_pool!$V$2:$V$2000,"")) | I7: =IF($B7="","",XLOOKUP($B7,player_pool!$A$2:$A$2000,player_pool!$W$2:$W$2000,"")) | J7: =IF($B7="","",XLOOKUP($B7,player_pool!$A$2:$A$2000,player_pool!$X$2:$X$2000,"")) | K7: =IF($B7="","",XLOOKUP($B7,player_pool!$A$2:$A$2000,player_pool!$Y$2:$Y$2000,"")) | L7: =IF($B7="","",XLOOKUP($B7,player_pool!$A$2:$A$2000,player_pool!$Z$2:$Z$2000,"")) | M7: =IF($B7="","",XLOOKUP($B7,player_pool!$A$2:$A$2000,player_pool!$AA$2:$AA$2000,"")) | N7: =IF(OR($B7="",$E7<>"P"),"",XLOOKUP($B7,player_pool!$A$2:$A$2000,player_pool!$AC$2:$AC$2000,"")) | O7: =IF(OR($B7="",$E7<>"P"),"",XLOOKUP($B7,player_pool!$A$2:$A$2000,player_pool!$AD$2:$AD$2000,"")) | P7: =IF(OR($B7="",$E7<>"P"),"",XLOOKUP($B7,player_pool!$A$2:$A$2000,player_pool!$AE$2:$AE$2000,"")) | Q7: =IF(OR($B7="",$E7<>"P"),"",XLOOKUP($B7,player_pool!$A$2:$A$2000,player_pool!$AF$2:$AF$2000,"")) | R7: =IF(OR($B7="",$E7<>"P"),"",XLOOKUP($B7,player_pool!$A$2:$A$2000,player_pool!$AG$2:$AG$2000,"")) | S7: =IF($B7="","",XLOOKUP($B7,player_pool!$A$2:$A$2000,player_pool!$U$2:$U$2000,"")) | T7: =IF(OR($B7="",$E7<>"P"),"",XLOOKUP($B7,player_pool!$A$2:$A$2000,player_pool!$AB$2:$AB$2000,"")) | U7: 1 | V7: SB | W7: =SUMPRODUCT(($U$4:$U$26=1)*$K$4:$K$26) | X7: =XLOOKUP(V7,goal_setup!$A$2:$A$12,goal_setup!$B$2:$B$12,"") | Y7: =IF(OR(W7="",X7=""),"",X7-W7) | Z7: =IF(OR(Y7="",X7=0),"",MAX(MIN((Y7/ABS(X7))*4,2),-2)) | AB7: =IF(AA7="",Z7,AA7) | AD7: 3B | AE7: =COUNTIF($D$4:$D$26,AD7) | AF7: 1 | AG7: =AF7-AE7
A8: SS | C8: =IF($B8="","",XLOOKUP($B8,player_pool!$A$2:$A$2000,player_pool!$B$2:$B$2000,"")) | D8: =IF($B8="","",XLOOKUP($B8,player_pool!$A$2:$A$2000,player_pool!$C$2:$C$2000,"")) | E8: =IF($B8="","",XLOOKUP($B8,player_pool!$A$2:$A$2000,player_pool!$D$2:$D$2000,"")) | F8: =IF($B8="","",XLOOKUP($B8,player_pool!$A$2:$A$2000,player_pool!$E$2:$E$2000,"")) | G8: =IF($B8="","",XLOOKUP($B8,player_pool!$A$2:$A$2000,player_pool!$G$2:$G$2000,"")) | H8: =IF($B8="","",XLOOKUP($B8,player_pool!$A$2:$A$2000,player_pool!$V$2:$V$2000,"")) | I8: =IF($B8="","",XLOOKUP($B8,player_pool!$A$2:$A$2000,player_pool!$W$2:$W$2000,"")) | J8: =IF($B8="","",XLOOKUP($B8,player_pool!$A$2:$A$2000,player_pool!$X$2:$X$2000,"")) | K8: =IF($B8="","",XLOOKUP($B8,player_pool!$A$2:$A$2000,player_pool!$Y$2:$Y$2000,"")) | L8: =IF($B8="","",XLOOKUP($B8,player_pool!$A$2:$A$2000,player_pool!$Z$2:$Z$2000,"")) | M8: =IF($B8="","",XLOOKUP($B8,player_pool!$A$2:$A$2000,player_pool!$AA$2:$AA$2000,"")) | N8: =IF(OR($B8="",$E8<>"P"),"",XLOOKUP($B8,player_pool!$A$2:$A$2000,player_pool!$AC$2:$AC$2000,"")) | O8: =IF(OR($B8="",$E8<>"P"),"",XLOOKUP($B8,player_pool!$A$2:$A$2000,player_pool!$AD$2:$AD$2000,"")) | P8: =IF(OR($B8="",$E8<>"P"),"",XLOOKUP($B8,player_pool!$A$2:$A$2000,player_pool!$AE$2:$AE$2000,"")) | Q8: =IF(OR($B8="",$E8<>"P"),"",XLOOKUP($B8,player_pool!$A$2:$A$2000,player_pool!$AF$2:$AF$2000,"")) | R8: =IF(OR($B8="",$E8<>"P"),"",XLOOKUP($B8,player_pool!$A$2:$A$2000,player_pool!$AG$2:$AG$2000,"")) | S8: =IF($B8="","",XLOOKUP($B8,player_pool!$A$2:$A$2000,player_pool!$U$2:$U$2000,"")) | T8: =IF(OR($B8="",$E8<>"P"),"",XLOOKUP($B8,player_pool!$A$2:$A$2000,player_pool!$AB$2:$AB$2000,"")) | U8: 1 | V8: AVG | W8: =IF(SUMPRODUCT(($U$4:$U$26=1)*$S$4:$S$26)=0,"",SUMPRODUCT(($U$4:$U$26=1)*$L$4:$L$26*$S$4:$S$26)/SUMPRODUCT(($U$4:$U$26=1)*$S$4:$S$26)) | X8: =XLOOKUP(V8,goal_setup!$A$2:$A$12,goal_setup!$B$2:$B$12,"") | Y8: =IF(OR(W8="",X8=""),"",X8-W8) | Z8: =IF(OR(Y8="",X8=0),"",MAX(MIN((Y8/ABS(X8))*4,2),-2)) | AB8: =IF(AA8="",Z8,AA8) | AD8: SS | AE8: =COUNTIF($D$4:$D$26,AD8) | AF8: 1 | AG8: =AF8-AE8
A9: OF1 | C9: =IF($B9="","",XLOOKUP($B9,player_pool!$A$2:$A$2000,player_pool!$B$2:$B$2000,"")) | D9: =IF($B9="","",XLOOKUP($B9,player_pool!$A$2:$A$2000,player_pool!$C$2:$C$2000,"")) | E9: =IF($B9="","",XLOOKUP($B9,player_pool!$A$2:$A$2000,player_pool!$D$2:$D$2000,"")) | F9: =IF($B9="","",XLOOKUP($B9,player_pool!$A$2:$A$2000,player_pool!$E$2:$E$2000,"")) | G9: =IF($B9="","",XLOOKUP($B9,player_pool!$A$2:$A$2000,player_pool!$G$2:$G$2000,"")) | H9: =IF($B9="","",XLOOKUP($B9,player_pool!$A$2:$A$2000,player_pool!$V$2:$V$2000,"")) | I9: =IF($B9="","",XLOOKUP($B9,player_pool!$A$2:$A$2000,player_pool!$W$2:$W$2000,"")) | J9: =IF($B9="","",XLOOKUP($B9,player_pool!$A$2:$A$2000,player_pool!$X$2:$X$2000,"")) | K9: =IF($B9="","",XLOOKUP($B9,player_pool!$A$2:$A$2000,player_pool!$Y$2:$Y$2000,"")) | L9: =IF($B9="","",XLOOKUP($B9,player_pool!$A$2:$A$2000,player_pool!$Z$2:$Z$2000,"")) | M9: =IF($B9="","",XLOOKUP($B9,player_pool!$A$2:$A$2000,player_pool!$AA$2:$AA$2000,"")) | N9: =IF(OR($B9="",$E9<>"P"),"",XLOOKUP($B9,player_pool!$A$2:$A$2000,player_pool!$AC$2:$AC$2000,"")) | O9: =IF(OR($B9="",$E9<>"P"),"",XLOOKUP($B9,player_pool!$A$2:$A$2000,player_pool!$AD$2:$AD$2000,"")) | P9: =IF(OR($B9="",$E9<>"P"),"",XLOOKUP($B9,player_pool!$A$2:$A$2000,player_pool!$AE$2:$AE$2000,"")) | Q9: =IF(OR($B9="",$E9<>"P"),"",XLOOKUP($B9,player_pool!$A$2:$A$2000,player_pool!$AF$2:$AF$2000,"")) | R9: =IF(OR($B9="",$E9<>"P"),"",XLOOKUP($B9,player_pool!$A$2:$A$2000,player_pool!$AG$2:$AG$2000,"")) | S9: =IF($B9="","",XLOOKUP($B9,player_pool!$A$2:$A$2000,player_pool!$U$2:$U$2000,"")) | T9: =IF(OR($B9="",$E9<>"P"),"",XLOOKUP($B9,player_pool!$A$2:$A$2000,player_pool!$AB$2:$AB$2000,"")) | U9: 1 | V9: OBP | W9: =IF(SUMPRODUCT(($U$4:$U$26=1)*$S$4:$S$26)=0,"",SUMPRODUCT(($U$4:$U$26=1)*$M$4:$M$26*$S$4:$S$26)/SUMPRODUCT(($U$4:$U$26=1)*$S$4:$S$26)) | X9: =XLOOKUP(V9,goal_setup!$A$2:$A$12,goal_setup!$B$2:$B$12,"") | Y9: =IF(OR(W9="",X9=""),"",X9-W9) | Z9: =IF(OR(Y9="",X9=0),"",MAX(MIN((Y9/ABS(X9))*4,2),-2)) | AB9: =IF(AA9="",Z9,AA9) | AD9: OF | AE9: =COUNTIF($D$4:$D$26,AD9) | AF9: 3 | AG9: =AF9-AE9
A10: OF2 | C10: =IF($B10="","",XLOOKUP($B10,player_pool!$A$2:$A$2000,player_pool!$B$2:$B$2000,"")) | D10: =IF($B10="","",XLOOKUP($B10,player_pool!$A$2:$A$2000,player_pool!$C$2:$C$2000,"")) | E10: =IF($B10="","",XLOOKUP($B10,player_pool!$A$2:$A$2000,player_pool!$D$2:$D$2000,"")) | F10: =IF($B10="","",XLOOKUP($B10,player_pool!$A$2:$A$2000,player_pool!$E$2:$E$2000,"")) | G10: =IF($B10="","",XLOOKUP($B10,player_pool!$A$2:$A$2000,player_pool!$G$2:$G$2000,"")) | H10: =IF($B10="","",XLOOKUP($B10,player_pool!$A$2:$A$2000,player_pool!$V$2:$V$2000,"")) | I10: =IF($B10="","",XLOOKUP($B10,player_pool!$A$2:$A$2000,player_pool!$W$2:$W$2000,"")) | J10: =IF($B10="","",XLOOKUP($B10,player_pool!$A$2:$A$2000,player_pool!$X$2:$X$2000,"")) | K10: =IF($B10="","",XLOOKUP($B10,player_pool!$A$2:$A$2000,player_pool!$Y$2:$Y$2000,"")) | L10: =IF($B10="","",XLOOKUP($B10,player_pool!$A$2:$A$2000,player_pool!$Z$2:$Z$2000,"")) | M10: =IF($B10="","",XLOOKUP($B10,player_pool!$A$2:$A$2000,player_pool!$AA$2:$AA$2000,"")) | N10: =IF(OR($B10="",$E10<>"P"),"",XLOOKUP($B10,player_pool!$A$2:$A$2000,player_pool!$AC$2:$AC$2000,"")) | O10: =IF(OR($B10="",$E10<>"P"),"",XLOOKUP($B10,player_pool!$A$2:$A$2000,player_pool!$AD$2:$AD$2000,"")) | P10: =IF(OR($B10="",$E10<>"P"),"",XLOOKUP($B10,player_pool!$A$2:$A$2000,player_pool!$AE$2:$AE$2000,"")) | Q10: =IF(OR($B10="",$E10<>"P"),"",XLOOKUP($B10,player_pool!$A$2:$A$2000,player_pool!$AF$2:$AF$2000,"")) | R10: =IF(OR($B10="",$E10<>"P"),"",XLOOKUP($B10,player_pool!$A$2:$A$2000,player_pool!$AG$2:$AG$2000,"")) | S10: =IF($B10="","",XLOOKUP($B10,player_pool!$A$2:$A$2000,player_pool!$U$2:$U$2000,"")) | T10: =IF(OR($B10="",$E10<>"P"),"",XLOOKUP($B10,player_pool!$A$2:$A$2000,player_pool!$AB$2:$AB$2000,"")) | U10: 1 | V10: QS | W10: =SUMPRODUCT(($U$4:$U$26=1)*$N$4:$N$26) | X10: =XLOOKUP(V10,goal_setup!$A$2:$A$12,goal_setup!$B$2:$B$12,"") | Y10: =IF(OR(W10="",X10=""),"",X10-W10) | Z10: =IF(OR(Y10="",X10=0),"",MAX(MIN((Y10/ABS(X10))*4,2),-2)) | AB10: =IF(AA10="",Z10,AA10) | AD10: SP | AE10: =COUNTIF($D$4:$D$26,AD10) | AF10: 2 | AG10: =AF10-AE10
A11: OF3 | C11: =IF($B11="","",XLOOKUP($B11,player_pool!$A$2:$A$2000,player_pool!$B$2:$B$2000,"")) | D11: =IF($B11="","",XLOOKUP($B11,player_pool!$A$2:$A$2000,player_pool!$C$2:$C$2000,"")) | E11: =IF($B11="","",XLOOKUP($B11,player_pool!$A$2:$A$2000,player_pool!$D$2:$D$2000,"")) | F11: =IF($B11="","",XLOOKUP($B11,player_pool!$A$2:$A$2000,player_pool!$E$2:$E$2000,"")) | G11: =IF($B11="","",XLOOKUP($B11,player_pool!$A$2:$A$2000,player_pool!$G$2:$G$2000,"")) | H11: =IF($B11="","",XLOOKUP($B11,player_pool!$A$2:$A$2000,player_pool!$V$2:$V$2000,"")) | I11: =IF($B11="","",XLOOKUP($B11,player_pool!$A$2:$A$2000,player_pool!$W$2:$W$2000,"")) | J11: =IF($B11="","",XLOOKUP($B11,player_pool!$A$2:$A$2000,player_pool!$X$2:$X$2000,"")) | K11: =IF($B11="","",XLOOKUP($B11,player_pool!$A$2:$A$2000,player_pool!$Y$2:$Y$2000,"")) | L11: =IF($B11="","",XLOOKUP($B11,player_pool!$A$2:$A$2000,player_pool!$Z$2:$Z$2000,"")) | M11: =IF($B11="","",XLOOKUP($B11,player_pool!$A$2:$A$2000,player_pool!$AA$2:$AA$2000,"")) | N11: =IF(OR($B11="",$E11<>"P"),"",XLOOKUP($B11,player_pool!$A$2:$A$2000,player_pool!$AC$2:$AC$2000,"")) | O11: =IF(OR($B11="",$E11<>"P"),"",XLOOKUP($B11,player_pool!$A$2:$A$2000,player_pool!$AD$2:$AD$2000,"")) | P11: =IF(OR($B11="",$E11<>"P"),"",XLOOKUP($B11,player_pool!$A$2:$A$2000,player_pool!$AE$2:$AE$2000,"")) | Q11: =IF(OR($B11="",$E11<>"P"),"",XLOOKUP($B11,player_pool!$A$2:$A$2000,player_pool!$AF$2:$AF$2000,"")) | R11: =IF(OR($B11="",$E11<>"P"),"",XLOOKUP($B11,player_pool!$A$2:$A$2000,player_pool!$AG$2:$AG$2000,"")) | S11: =IF($B11="","",XLOOKUP($B11,player_pool!$A$2:$A$2000,player_pool!$U$2:$U$2000,"")) | T11: =IF(OR($B11="",$E11<>"P"),"",XLOOKUP($B11,player_pool!$A$2:$A$2000,player_pool!$AB$2:$AB$2000,"")) | U11: 1 | V11: K | W11: =SUMPRODUCT(($U$4:$U$26=1)*$O$4:$O$26) | X11: =XLOOKUP(V11,goal_setup!$A$2:$A$12,goal_setup!$B$2:$B$12,"") | Y11: =IF(OR(W11="",X11=""),"",X11-W11) | Z11: =IF(OR(Y11="",X11=0),"",MAX(MIN((Y11/ABS(X11))*4,2),-2)) | AB11: =IF(AA11="",Z11,AA11) | AD11: RP | AE11: =COUNTIF($D$4:$D$26,AD11) | AF11: 2 | AG11: =AF11-AE11
A12: UTIL1 | C12: =IF($B12="","",XLOOKUP($B12,player_pool!$A$2:$A$2000,player_pool!$B$2:$B$2000,"")) | D12: =IF($B12="","",XLOOKUP($B12,player_pool!$A$2:$A$2000,player_pool!$C$2:$C$2000,"")) | E12: =IF($B12="","",XLOOKUP($B12,player_pool!$A$2:$A$2000,player_pool!$D$2:$D$2000,"")) | F12: =IF($B12="","",XLOOKUP($B12,player_pool!$A$2:$A$2000,player_pool!$E$2:$E$2000,"")) | G12: =IF($B12="","",XLOOKUP($B12,player_pool!$A$2:$A$2000,player_pool!$G$2:$G$2000,"")) | H12: =IF($B12="","",XLOOKUP($B12,player_pool!$A$2:$A$2000,player_pool!$V$2:$V$2000,"")) | I12: =IF($B12="","",XLOOKUP($B12,player_pool!$A$2:$A$2000,player_pool!$W$2:$W$2000,"")) | J12: =IF($B12="","",XLOOKUP($B12,player_pool!$A$2:$A$2000,player_pool!$X$2:$X$2000,"")) | K12: =IF($B12="","",XLOOKUP($B12,player_pool!$A$2:$A$2000,player_pool!$Y$2:$Y$2000,"")) | L12: =IF($B12="","",XLOOKUP($B12,player_pool!$A$2:$A$2000,player_pool!$Z$2:$Z$2000,"")) | M12: =IF($B12="","",XLOOKUP($B12,player_pool!$A$2:$A$2000,player_pool!$AA$2:$AA$2000,"")) | N12: =IF(OR($B12="",$E12<>"P"),"",XLOOKUP($B12,player_pool!$A$2:$A$2000,player_pool!$AC$2:$AC$2000,"")) | O12: =IF(OR($B12="",$E12<>"P"),"",XLOOKUP($B12,player_pool!$A$2:$A$2000,player_pool!$AD$2:$AD$2000,"")) | P12: =IF(OR($B12="",$E12<>"P"),"",XLOOKUP($B12,player_pool!$A$2:$A$2000,player_pool!$AE$2:$AE$2000,"")) | Q12: =IF(OR($B12="",$E12<>"P"),"",XLOOKUP($B12,player_pool!$A$2:$A$2000,player_pool!$AF$2:$AF$2000,"")) | R12: =IF(OR($B12="",$E12<>"P"),"",XLOOKUP($B12,player_pool!$A$2:$A$2000,player_pool!$AG$2:$AG$2000,"")) | S12: =IF($B12="","",XLOOKUP($B12,player_pool!$A$2:$A$2000,player_pool!$U$2:$U$2000,"")) | T12: =IF(OR($B12="",$E12<>"P"),"",XLOOKUP($B12,player_pool!$A$2:$A$2000,player_pool!$AB$2:$AB$2000,"")) | U12: 1 | V12: Saves_plus_Holds | W12: =SUMPRODUCT(($U$4:$U$26=1)*$P$4:$P$26) | X12: =XLOOKUP(V12,goal_setup!$A$2:$A$12,goal_setup!$B$2:$B$12,"") | Y12: =IF(OR(W12="",X12=""),"",X12-W12) | Z12: =IF(OR(Y12="",X12=0),"",MAX(MIN((Y12/ABS(X12))*4,2),-2)) | AB12: =IF(AA12="",Z12,AA12) | AD12: P | AE12: =COUNTIF($D$4:$D$26,"SP")+COUNTIF($D$4:$D$26,"RP")+COUNTIF($D$4:$D$26,"P") | AF12: 4 | AG12: =AF12-AE12
A13: UTIL2 | C13: =IF($B13="","",XLOOKUP($B13,player_pool!$A$2:$A$2000,player_pool!$B$2:$B$2000,"")) | D13: =IF($B13="","",XLOOKUP($B13,player_pool!$A$2:$A$2000,player_pool!$C$2:$C$2000,"")) | E13: =IF($B13="","",XLOOKUP($B13,player_pool!$A$2:$A$2000,player_pool!$D$2:$D$2000,"")) | F13: =IF($B13="","",XLOOKUP($B13,player_pool!$A$2:$A$2000,player_pool!$E$2:$E$2000,"")) | G13: =IF($B13="","",XLOOKUP($B13,player_pool!$A$2:$A$2000,player_pool!$G$2:$G$2000,"")) | H13: =IF($B13="","",XLOOKUP($B13,player_pool!$A$2:$A$2000,player_pool!$V$2:$V$2000,"")) | I13: =IF($B13="","",XLOOKUP($B13,player_pool!$A$2:$A$2000,player_pool!$W$2:$W$2000,"")) | J13: =IF($B13="","",XLOOKUP($B13,player_pool!$A$2:$A$2000,player_pool!$X$2:$X$2000,"")) | K13: =IF($B13="","",XLOOKUP($B13,player_pool!$A$2:$A$2000,player_pool!$Y$2:$Y$2000,"")) | L13: =IF($B13="","",XLOOKUP($B13,player_pool!$A$2:$A$2000,player_pool!$Z$2:$Z$2000,"")) | M13: =IF($B13="","",XLOOKUP($B13,player_pool!$A$2:$A$2000,player_pool!$AA$2:$AA$2000,"")) | N13: =IF(OR($B13="",$E13<>"P"),"",XLOOKUP($B13,player_pool!$A$2:$A$2000,player_pool!$AC$2:$AC$2000,"")) | O13: =IF(OR($B13="",$E13<>"P"),"",XLOOKUP($B13,player_pool!$A$2:$A$2000,player_pool!$AD$2:$AD$2000,"")) | P13: =IF(OR($B13="",$E13<>"P"),"",XLOOKUP($B13,player_pool!$A$2:$A$2000,player_pool!$AE$2:$AE$2000,"")) | Q13: =IF(OR($B13="",$E13<>"P"),"",XLOOKUP($B13,player_pool!$A$2:$A$2000,player_pool!$AF$2:$AF$2000,"")) | R13: =IF(OR($B13="",$E13<>"P"),"",XLOOKUP($B13,player_pool!$A$2:$A$2000,player_pool!$AG$2:$AG$2000,"")) | S13: =IF($B13="","",XLOOKUP($B13,player_pool!$A$2:$A$2000,player_pool!$U$2:$U$2000,"")) | T13: =IF(OR($B13="",$E13<>"P"),"",XLOOKUP($B13,player_pool!$A$2:$A$2000,player_pool!$AB$2:$AB$2000,"")) | U13: 1 | V13: ERA | W13: =IF(SUMPRODUCT(($U$4:$U$26=1)*$T$4:$T$26)=0,"",SUMPRODUCT(($U$4:$U$26=1)*$Q$4:$Q$26*$T$4:$T$26)/SUMPRODUCT(($U$4:$U$26=1)*$T$4:$T$26)) | X13: =XLOOKUP(V13,goal_setup!$A$2:$A$12,goal_setup!$B$2:$B$12,"") | Y13: =IF(OR(W13="",X13=""),"",W13-X13) | Z13: =IF(OR(Y13="",X13=0),"",MAX(MIN((Y13/ABS(X13))*4,2),-2)) | AB13: =IF(AA13="",Z13,AA13)
A14: SP1 | C14: =IF($B14="","",XLOOKUP($B14,player_pool!$A$2:$A$2000,player_pool!$B$2:$B$2000,"")) | D14: =IF($B14="","",XLOOKUP($B14,player_pool!$A$2:$A$2000,player_pool!$C$2:$C$2000,"")) | E14: =IF($B14="","",XLOOKUP($B14,player_pool!$A$2:$A$2000,player_pool!$D$2:$D$2000,"")) | F14: =IF($B14="","",XLOOKUP($B14,player_pool!$A$2:$A$2000,player_pool!$E$2:$E$2000,"")) | G14: =IF($B14="","",XLOOKUP($B14,player_pool!$A$2:$A$2000,player_pool!$G$2:$G$2000,"")) | H14: =IF($B14="","",XLOOKUP($B14,player_pool!$A$2:$A$2000,player_pool!$V$2:$V$2000,"")) | I14: =IF($B14="","",XLOOKUP($B14,player_pool!$A$2:$A$2000,player_pool!$W$2:$W$2000,"")) | J14: =IF($B14="","",XLOOKUP($B14,player_pool!$A$2:$A$2000,player_pool!$X$2:$X$2000,"")) | K14: =IF($B14="","",XLOOKUP($B14,player_pool!$A$2:$A$2000,player_pool!$Y$2:$Y$2000,"")) | L14: =IF($B14="","",XLOOKUP($B14,player_pool!$A$2:$A$2000,player_pool!$Z$2:$Z$2000,"")) | M14: =IF($B14="","",XLOOKUP($B14,player_pool!$A$2:$A$2000,player_pool!$AA$2:$AA$2000,"")) | N14: =IF(OR($B14="",$E14<>"P"),"",XLOOKUP($B14,player_pool!$A$2:$A$2000,player_pool!$AC$2:$AC$2000,"")) | O14: =IF(OR($B14="",$E14<>"P"),"",XLOOKUP($B14,player_pool!$A$2:$A$2000,player_pool!$AD$2:$AD$2000,"")) | P14: =IF(OR($B14="",$E14<>"P"),"",XLOOKUP($B14,player_pool!$A$2:$A$2000,player_pool!$AE$2:$AE$2000,"")) | Q14: =IF(OR($B14="",$E14<>"P"),"",XLOOKUP($B14,player_pool!$A$2:$A$2000,player_pool!$AF$2:$AF$2000,"")) | R14: =IF(OR($B14="",$E14<>"P"),"",XLOOKUP($B14,player_pool!$A$2:$A$2000,player_pool!$AG$2:$AG$2000,"")) | S14: =IF($B14="","",XLOOKUP($B14,player_pool!$A$2:$A$2000,player_pool!$U$2:$U$2000,"")) | T14: =IF(OR($B14="",$E14<>"P"),"",XLOOKUP($B14,player_pool!$A$2:$A$2000,player_pool!$AB$2:$AB$2000,"")) | U14: 1 | V14: WHIP | W14: =IF(SUMPRODUCT(($U$4:$U$26=1)*$T$4:$T$26)=0,"",SUMPRODUCT(($U$4:$U$26=1)*$R$4:$R$26*$T$4:$T$26)/SUMPRODUCT(($U$4:$U$26=1)*$T$4:$T$26)) | X14: =XLOOKUP(V14,goal_setup!$A$2:$A$12,goal_setup!$B$2:$B$12,"") | Y14: =IF(OR(W14="",X14=""),"",W14-X14) | Z14: =IF(OR(Y14="",X14=0),"",MAX(MIN((Y14/ABS(X14))*4,2),-2)) | AB14: =IF(AA14="",Z14,AA14)
A15: SP2 | C15: =IF($B15="","",XLOOKUP($B15,player_pool!$A$2:$A$2000,player_pool!$B$2:$B$2000,"")) | D15: =IF($B15="","",XLOOKUP($B15,player_pool!$A$2:$A$2000,player_pool!$C$2:$C$2000,"")) | E15: =IF($B15="","",XLOOKUP($B15,player_pool!$A$2:$A$2000,player_pool!$D$2:$D$2000,"")) | F15: =IF($B15="","",XLOOKUP($B15,player_pool!$A$2:$A$2000,player_pool!$E$2:$E$2000,"")) | G15: =IF($B15="","",XLOOKUP($B15,player_pool!$A$2:$A$2000,player_pool!$G$2:$G$2000,"")) | H15: =IF($B15="","",XLOOKUP($B15,player_pool!$A$2:$A$2000,player_pool!$V$2:$V$2000,"")) | I15: =IF($B15="","",XLOOKUP($B15,player_pool!$A$2:$A$2000,player_pool!$W$2:$W$2000,"")) | J15: =IF($B15="","",XLOOKUP($B15,player_pool!$A$2:$A$2000,player_pool!$X$2:$X$2000,"")) | K15: =IF($B15="","",XLOOKUP($B15,player_pool!$A$2:$A$2000,player_pool!$Y$2:$Y$2000,"")) | L15: =IF($B15="","",XLOOKUP($B15,player_pool!$A$2:$A$2000,player_pool!$Z$2:$Z$2000,"")) | M15: =IF($B15="","",XLOOKUP($B15,player_pool!$A$2:$A$2000,player_pool!$AA$2:$AA$2000,"")) | N15: =IF(OR($B15="",$E15<>"P"),"",XLOOKUP($B15,player_pool!$A$2:$A$2000,player_pool!$AC$2:$AC$2000,"")) | O15: =IF(OR($B15="",$E15<>"P"),"",XLOOKUP($B15,player_pool!$A$2:$A$2000,player_pool!$AD$2:$AD$2000,"")) | P15: =IF(OR($B15="",$E15<>"P"),"",XLOOKUP($B15,player_pool!$A$2:$A$2000,player_pool!$AE$2:$AE$2000,"")) | Q15: =IF(OR($B15="",$E15<>"P"),"",XLOOKUP($B15,player_pool!$A$2:$A$2000,player_pool!$AF$2:$AF$2000,"")) | R15: =IF(OR($B15="",$E15<>"P"),"",XLOOKUP($B15,player_pool!$A$2:$A$2000,player_pool!$AG$2:$AG$2000,"")) | S15: =IF($B15="","",XLOOKUP($B15,player_pool!$A$2:$A$2000,player_pool!$U$2:$U$2000,"")) | T15: =IF(OR($B15="",$E15<>"P"),"",XLOOKUP($B15,player_pool!$A$2:$A$2000,player_pool!$AB$2:$AB$2000,"")) | U15: 1
A16: RP1 | C16: =IF($B16="","",XLOOKUP($B16,player_pool!$A$2:$A$2000,player_pool!$B$2:$B$2000,"")) | D16: =IF($B16="","",XLOOKUP($B16,player_pool!$A$2:$A$2000,player_pool!$C$2:$C$2000,"")) | E16: =IF($B16="","",XLOOKUP($B16,player_pool!$A$2:$A$2000,player_pool!$D$2:$D$2000,"")) | F16: =IF($B16="","",XLOOKUP($B16,player_pool!$A$2:$A$2000,player_pool!$E$2:$E$2000,"")) | G16: =IF($B16="","",XLOOKUP($B16,player_pool!$A$2:$A$2000,player_pool!$G$2:$G$2000,"")) | H16: =IF($B16="","",XLOOKUP($B16,player_pool!$A$2:$A$2000,player_pool!$V$2:$V$2000,"")) | I16: =IF($B16="","",XLOOKUP($B16,player_pool!$A$2:$A$2000,player_pool!$W$2:$W$2000,"")) | J16: =IF($B16="","",XLOOKUP($B16,player_pool!$A$2:$A$2000,player_pool!$X$2:$X$2000,"")) | K16: =IF($B16="","",XLOOKUP($B16,player_pool!$A$2:$A$2000,player_pool!$Y$2:$Y$2000,"")) | L16: =IF($B16="","",XLOOKUP($B16,player_pool!$A$2:$A$2000,player_pool!$Z$2:$Z$2000,"")) | M16: =IF($B16="","",XLOOKUP($B16,player_pool!$A$2:$A$2000,player_pool!$AA$2:$AA$2000,"")) | N16: =IF(OR($B16="",$E16<>"P"),"",XLOOKUP($B16,player_pool!$A$2:$A$2000,player_pool!$AC$2:$AC$2000,"")) | O16: =IF(OR($B16="",$E16<>"P"),"",XLOOKUP($B16,player_pool!$A$2:$A$2000,player_pool!$AD$2:$AD$2000,"")) | P16: =IF(OR($B16="",$E16<>"P"),"",XLOOKUP($B16,player_pool!$A$2:$A$2000,player_pool!$AE$2:$AE$2000,"")) | Q16: =IF(OR($B16="",$E16<>"P"),"",XLOOKUP($B16,player_pool!$A$2:$A$2000,player_pool!$AF$2:$AF$2000,"")) | R16: =IF(OR($B16="",$E16<>"P"),"",XLOOKUP($B16,player_pool!$A$2:$A$2000,player_pool!$AG$2:$AG$2000,"")) | S16: =IF($B16="","",XLOOKUP($B16,player_pool!$A$2:$A$2000,player_pool!$U$2:$U$2000,"")) | T16: =IF(OR($B16="",$E16<>"P"),"",XLOOKUP($B16,player_pool!$A$2:$A$2000,player_pool!$AB$2:$AB$2000,"")) | U16: 1
A17: RP2 | C17: =IF($B17="","",XLOOKUP($B17,player_pool!$A$2:$A$2000,player_pool!$B$2:$B$2000,"")) | D17: =IF($B17="","",XLOOKUP($B17,player_pool!$A$2:$A$2000,player_pool!$C$2:$C$2000,"")) | E17: =IF($B17="","",XLOOKUP($B17,player_pool!$A$2:$A$2000,player_pool!$D$2:$D$2000,"")) | F17: =IF($B17="","",XLOOKUP($B17,player_pool!$A$2:$A$2000,player_pool!$E$2:$E$2000,"")) | G17: =IF($B17="","",XLOOKUP($B17,player_pool!$A$2:$A$2000,player_pool!$G$2:$G$2000,"")) | H17: =IF($B17="","",XLOOKUP($B17,player_pool!$A$2:$A$2000,player_pool!$V$2:$V$2000,"")) | I17: =IF($B17="","",XLOOKUP($B17,player_pool!$A$2:$A$2000,player_pool!$W$2:$W$2000,"")) | J17: =IF($B17="","",XLOOKUP($B17,player_pool!$A$2:$A$2000,player_pool!$X$2:$X$2000,"")) | K17: =IF($B17="","",XLOOKUP($B17,player_pool!$A$2:$A$2000,player_pool!$Y$2:$Y$2000,"")) | L17: =IF($B17="","",XLOOKUP($B17,player_pool!$A$2:$A$2000,player_pool!$Z$2:$Z$2000,"")) | M17: =IF($B17="","",XLOOKUP($B17,player_pool!$A$2:$A$2000,player_pool!$AA$2:$AA$2000,"")) | N17: =IF(OR($B17="",$E17<>"P"),"",XLOOKUP($B17,player_pool!$A$2:$A$2000,player_pool!$AC$2:$AC$2000,"")) | O17: =IF(OR($B17="",$E17<>"P"),"",XLOOKUP($B17,player_pool!$A$2:$A$2000,player_pool!$AD$2:$AD$2000,"")) | P17: =IF(OR($B17="",$E17<>"P"),"",XLOOKUP($B17,player_pool!$A$2:$A$2000,player_pool!$AE$2:$AE$2000,"")) | Q17: =IF(OR($B17="",$E17<>"P"),"",XLOOKUP($B17,player_pool!$A$2:$A$2000,player_pool!$AF$2:$AF$2000,"")) | R17: =IF(OR($B17="",$E17<>"P"),"",XLOOKUP($B17,player_pool!$A$2:$A$2000,player_pool!$AG$2:$AG$2000,"")) | S17: =IF($B17="","",XLOOKUP($B17,player_pool!$A$2:$A$2000,player_pool!$U$2:$U$2000,"")) | T17: =IF(OR($B17="",$E17<>"P"),"",XLOOKUP($B17,player_pool!$A$2:$A$2000,player_pool!$AB$2:$AB$2000,"")) | U17: 1
A18: P1 | C18: =IF($B18="","",XLOOKUP($B18,player_pool!$A$2:$A$2000,player_pool!$B$2:$B$2000,"")) | D18: =IF($B18="","",XLOOKUP($B18,player_pool!$A$2:$A$2000,player_pool!$C$2:$C$2000,"")) | E18: =IF($B18="","",XLOOKUP($B18,player_pool!$A$2:$A$2000,player_pool!$D$2:$D$2000,"")) | F18: =IF($B18="","",XLOOKUP($B18,player_pool!$A$2:$A$2000,player_pool!$E$2:$E$2000,"")) | G18: =IF($B18="","",XLOOKUP($B18,player_pool!$A$2:$A$2000,player_pool!$G$2:$G$2000,"")) | H18: =IF($B18="","",XLOOKUP($B18,player_pool!$A$2:$A$2000,player_pool!$V$2:$V$2000,"")) | I18: =IF($B18="","",XLOOKUP($B18,player_pool!$A$2:$A$2000,player_pool!$W$2:$W$2000,"")) | J18: =IF($B18="","",XLOOKUP($B18,player_pool!$A$2:$A$2000,player_pool!$X$2:$X$2000,"")) | K18: =IF($B18="","",XLOOKUP($B18,player_pool!$A$2:$A$2000,player_pool!$Y$2:$Y$2000,"")) | L18: =IF($B18="","",XLOOKUP($B18,player_pool!$A$2:$A$2000,player_pool!$Z$2:$Z$2000,"")) | M18: =IF($B18="","",XLOOKUP($B18,player_pool!$A$2:$A$2000,player_pool!$AA$2:$AA$2000,"")) | N18: =IF(OR($B18="",$E18<>"P"),"",XLOOKUP($B18,player_pool!$A$2:$A$2000,player_pool!$AC$2:$AC$2000,"")) | O18: =IF(OR($B18="",$E18<>"P"),"",XLOOKUP($B18,player_pool!$A$2:$A$2000,player_pool!$AD$2:$AD$2000,"")) | P18: =IF(OR($B18="",$E18<>"P"),"",XLOOKUP($B18,player_pool!$A$2:$A$2000,player_pool!$AE$2:$AE$2000,"")) | Q18: =IF(OR($B18="",$E18<>"P"),"",XLOOKUP($B18,player_pool!$A$2:$A$2000,player_pool!$AF$2:$AF$2000,"")) | R18: =IF(OR($B18="",$E18<>"P"),"",XLOOKUP($B18,player_pool!$A$2:$A$2000,player_pool!$AG$2:$AG$2000,"")) | S18: =IF($B18="","",XLOOKUP($B18,player_pool!$A$2:$A$2000,player_pool!$U$2:$U$2000,"")) | T18: =IF(OR($B18="",$E18<>"P"),"",XLOOKUP($B18,player_pool!$A$2:$A$2000,player_pool!$AB$2:$AB$2000,"")) | U18: 1
A19: P2 | C19: =IF($B19="","",XLOOKUP($B19,player_pool!$A$2:$A$2000,player_pool!$B$2:$B$2000,"")) | D19: =IF($B19="","",XLOOKUP($B19,player_pool!$A$2:$A$2000,player_pool!$C$2:$C$2000,"")) | E19: =IF($B19="","",XLOOKUP($B19,player_pool!$A$2:$A$2000,player_pool!$D$2:$D$2000,"")) | F19: =IF($B19="","",XLOOKUP($B19,player_pool!$A$2:$A$2000,player_pool!$E$2:$E$2000,"")) | G19: =IF($B19="","",XLOOKUP($B19,player_pool!$A$2:$A$2000,player_pool!$G$2:$G$2000,"")) | H19: =IF($B19="","",XLOOKUP($B19,player_pool!$A$2:$A$2000,player_pool!$V$2:$V$2000,"")) | I19: =IF($B19="","",XLOOKUP($B19,player_pool!$A$2:$A$2000,player_pool!$W$2:$W$2000,"")) | J19: =IF($B19="","",XLOOKUP($B19,player_pool!$A$2:$A$2000,player_pool!$X$2:$X$2000,"")) | K19: =IF($B19="","",XLOOKUP($B19,player_pool!$A$2:$A$2000,player_pool!$Y$2:$Y$2000,"")) | L19: =IF($B19="","",XLOOKUP($B19,player_pool!$A$2:$A$2000,player_pool!$Z$2:$Z$2000,"")) | M19: =IF($B19="","",XLOOKUP($B19,player_pool!$A$2:$A$2000,player_pool!$AA$2:$AA$2000,"")) | N19: =IF(OR($B19="",$E19<>"P"),"",XLOOKUP($B19,player_pool!$A$2:$A$2000,player_pool!$AC$2:$AC$2000,"")) | O19: =IF(OR($B19="",$E19<>"P"),"",XLOOKUP($B19,player_pool!$A$2:$A$2000,player_pool!$AD$2:$AD$2000,"")) | P19: =IF(OR($B19="",$E19<>"P"),"",XLOOKUP($B19,player_pool!$A$2:$A$2000,player_pool!$AE$2:$AE$2000,"")) | Q19: =IF(OR($B19="",$E19<>"P"),"",XLOOKUP($B19,player_pool!$A$2:$A$2000,player_pool!$AF$2:$AF$2000,"")) | R19: =IF(OR($B19="",$E19<>"P"),"",XLOOKUP($B19,player_pool!$A$2:$A$2000,player_pool!$AG$2:$AG$2000,"")) | S19: =IF($B19="","",XLOOKUP($B19,player_pool!$A$2:$A$2000,player_pool!$U$2:$U$2000,"")) | T19: =IF(OR($B19="",$E19<>"P"),"",XLOOKUP($B19,player_pool!$A$2:$A$2000,player_pool!$AB$2:$AB$2000,"")) | U19: 1
A20: P3 | C20: =IF($B20="","",XLOOKUP($B20,player_pool!$A$2:$A$2000,player_pool!$B$2:$B$2000,"")) | D20: =IF($B20="","",XLOOKUP($B20,player_pool!$A$2:$A$2000,player_pool!$C$2:$C$2000,"")) | E20: =IF($B20="","",XLOOKUP($B20,player_pool!$A$2:$A$2000,player_pool!$D$2:$D$2000,"")) | F20: =IF($B20="","",XLOOKUP($B20,player_pool!$A$2:$A$2000,player_pool!$E$2:$E$2000,"")) | G20: =IF($B20="","",XLOOKUP($B20,player_pool!$A$2:$A$2000,player_pool!$G$2:$G$2000,"")) | H20: =IF($B20="","",XLOOKUP($B20,player_pool!$A$2:$A$2000,player_pool!$V$2:$V$2000,"")) | I20: =IF($B20="","",XLOOKUP($B20,player_pool!$A$2:$A$2000,player_pool!$W$2:$W$2000,"")) | J20: =IF($B20="","",XLOOKUP($B20,player_pool!$A$2:$A$2000,player_pool!$X$2:$X$2000,"")) | K20: =IF($B20="","",XLOOKUP($B20,player_pool!$A$2:$A$2000,player_pool!$Y$2:$Y$2000,"")) | L20: =IF($B20="","",XLOOKUP($B20,player_pool!$A$2:$A$2000,player_pool!$Z$2:$Z$2000,"")) | M20: =IF($B20="","",XLOOKUP($B20,player_pool!$A$2:$A$2000,player_pool!$AA$2:$AA$2000,"")) | N20: =IF(OR($B20="",$E20<>"P"),"",XLOOKUP($B20,player_pool!$A$2:$A$2000,player_pool!$AC$2:$AC$2000,"")) | O20: =IF(OR($B20="",$E20<>"P"),"",XLOOKUP($B20,player_pool!$A$2:$A$2000,player_pool!$AD$2:$AD$2000,"")) | P20: =IF(OR($B20="",$E20<>"P"),"",XLOOKUP($B20,player_pool!$A$2:$A$2000,player_pool!$AE$2:$AE$2000,"")) | Q20: =IF(OR($B20="",$E20<>"P"),"",XLOOKUP($B20,player_pool!$A$2:$A$2000,player_pool!$AF$2:$AF$2000,"")) | R20: =IF(OR($B20="",$E20<>"P"),"",XLOOKUP($B20,player_pool!$A$2:$A$2000,player_pool!$AG$2:$AG$2000,"")) | S20: =IF($B20="","",XLOOKUP($B20,player_pool!$A$2:$A$2000,player_pool!$U$2:$U$2000,"")) | T20: =IF(OR($B20="",$E20<>"P"),"",XLOOKUP($B20,player_pool!$A$2:$A$2000,player_pool!$AB$2:$AB$2000,"")) | U20: 1
A21: P4 | C21: =IF($B21="","",XLOOKUP($B21,player_pool!$A$2:$A$2000,player_pool!$B$2:$B$2000,"")) | D21: =IF($B21="","",XLOOKUP($B21,player_pool!$A$2:$A$2000,player_pool!$C$2:$C$2000,"")) | E21: =IF($B21="","",XLOOKUP($B21,player_pool!$A$2:$A$2000,player_pool!$D$2:$D$2000,"")) | F21: =IF($B21="","",XLOOKUP($B21,player_pool!$A$2:$A$2000,player_pool!$E$2:$E$2000,"")) | G21: =IF($B21="","",XLOOKUP($B21,player_pool!$A$2:$A$2000,player_pool!$G$2:$G$2000,"")) | H21: =IF($B21="","",XLOOKUP($B21,player_pool!$A$2:$A$2000,player_pool!$V$2:$V$2000,"")) | I21: =IF($B21="","",XLOOKUP($B21,player_pool!$A$2:$A$2000,player_pool!$W$2:$W$2000,"")) | J21: =IF($B21="","",XLOOKUP($B21,player_pool!$A$2:$A$2000,player_pool!$X$2:$X$2000,"")) | K21: =IF($B21="","",XLOOKUP($B21,player_pool!$A$2:$A$2000,player_pool!$Y$2:$Y$2000,"")) | L21: =IF($B21="","",XLOOKUP($B21,player_pool!$A$2:$A$2000,player_pool!$Z$2:$Z$2000,"")) | M21: =IF($B21="","",XLOOKUP($B21,player_pool!$A$2:$A$2000,player_pool!$AA$2:$AA$2000,"")) | N21: =IF(OR($B21="",$E21<>"P"),"",XLOOKUP($B21,player_pool!$A$2:$A$2000,player_pool!$AC$2:$AC$2000,"")) | O21: =IF(OR($B21="",$E21<>"P"),"",XLOOKUP($B21,player_pool!$A$2:$A$2000,player_pool!$AD$2:$AD$2000,"")) | P21: =IF(OR($B21="",$E21<>"P"),"",XLOOKUP($B21,player_pool!$A$2:$A$2000,player_pool!$AE$2:$AE$2000,"")) | Q21: =IF(OR($B21="",$E21<>"P"),"",XLOOKUP($B21,player_pool!$A$2:$A$2000,player_pool!$AF$2:$AF$2000,"")) | R21: =IF(OR($B21="",$E21<>"P"),"",XLOOKUP($B21,player_pool!$A$2:$A$2000,player_pool!$AG$2:$AG$2000,"")) | S21: =IF($B21="","",XLOOKUP($B21,player_pool!$A$2:$A$2000,player_pool!$U$2:$U$2000,"")) | T21: =IF(OR($B21="",$E21<>"P"),"",XLOOKUP($B21,player_pool!$A$2:$A$2000,player_pool!$AB$2:$AB$2000,"")) | U21: 1
A22: BN1 | C22: =IF($B22="","",XLOOKUP($B22,player_pool!$A$2:$A$2000,player_pool!$B$2:$B$2000,"")) | D22: =IF($B22="","",XLOOKUP($B22,player_pool!$A$2:$A$2000,player_pool!$C$2:$C$2000,"")) | E22: =IF($B22="","",XLOOKUP($B22,player_pool!$A$2:$A$2000,player_pool!$D$2:$D$2000,"")) | F22: =IF($B22="","",XLOOKUP($B22,player_pool!$A$2:$A$2000,player_pool!$E$2:$E$2000,"")) | G22: =IF($B22="","",XLOOKUP($B22,player_pool!$A$2:$A$2000,player_pool!$G$2:$G$2000,"")) | H22: =IF($B22="","",XLOOKUP($B22,player_pool!$A$2:$A$2000,player_pool!$V$2:$V$2000,"")) | I22: =IF($B22="","",XLOOKUP($B22,player_pool!$A$2:$A$2000,player_pool!$W$2:$W$2000,"")) | J22: =IF($B22="","",XLOOKUP($B22,player_pool!$A$2:$A$2000,player_pool!$X$2:$X$2000,"")) | K22: =IF($B22="","",XLOOKUP($B22,player_pool!$A$2:$A$2000,player_pool!$Y$2:$Y$2000,"")) | L22: =IF($B22="","",XLOOKUP($B22,player_pool!$A$2:$A$2000,player_pool!$Z$2:$Z$2000,"")) | M22: =IF($B22="","",XLOOKUP($B22,player_pool!$A$2:$A$2000,player_pool!$AA$2:$AA$2000,"")) | N22: =IF(OR($B22="",$E22<>"P"),"",XLOOKUP($B22,player_pool!$A$2:$A$2000,player_pool!$AC$2:$AC$2000,"")) | O22: =IF(OR($B22="",$E22<>"P"),"",XLOOKUP($B22,player_pool!$A$2:$A$2000,player_pool!$AD$2:$AD$2000,"")) | P22: =IF(OR($B22="",$E22<>"P"),"",XLOOKUP($B22,player_pool!$A$2:$A$2000,player_pool!$AE$2:$AE$2000,"")) | Q22: =IF(OR($B22="",$E22<>"P"),"",XLOOKUP($B22,player_pool!$A$2:$A$2000,player_pool!$AF$2:$AF$2000,"")) | R22: =IF(OR($B22="",$E22<>"P"),"",XLOOKUP($B22,player_pool!$A$2:$A$2000,player_pool!$AG$2:$AG$2000,"")) | S22: =IF($B22="","",XLOOKUP($B22,player_pool!$A$2:$A$2000,player_pool!$U$2:$U$2000,"")) | T22: =IF(OR($B22="",$E22<>"P"),"",XLOOKUP($B22,player_pool!$A$2:$A$2000,player_pool!$AB$2:$AB$2000,"")) | U22: 0
A23: BN2 | C23: =IF($B23="","",XLOOKUP($B23,player_pool!$A$2:$A$2000,player_pool!$B$2:$B$2000,"")) | D23: =IF($B23="","",XLOOKUP($B23,player_pool!$A$2:$A$2000,player_pool!$C$2:$C$2000,"")) | E23: =IF($B23="","",XLOOKUP($B23,player_pool!$A$2:$A$2000,player_pool!$D$2:$D$2000,"")) | F23: =IF($B23="","",XLOOKUP($B23,player_pool!$A$2:$A$2000,player_pool!$E$2:$E$2000,"")) | G23: =IF($B23="","",XLOOKUP($B23,player_pool!$A$2:$A$2000,player_pool!$G$2:$G$2000,"")) | H23: =IF($B23="","",XLOOKUP($B23,player_pool!$A$2:$A$2000,player_pool!$V$2:$V$2000,"")) | I23: =IF($B23="","",XLOOKUP($B23,player_pool!$A$2:$A$2000,player_pool!$W$2:$W$2000,"")) | J23: =IF($B23="","",XLOOKUP($B23,player_pool!$A$2:$A$2000,player_pool!$X$2:$X$2000,"")) | K23: =IF($B23="","",XLOOKUP($B23,player_pool!$A$2:$A$2000,player_pool!$Y$2:$Y$2000,"")) | L23: =IF($B23="","",XLOOKUP($B23,player_pool!$A$2:$A$2000,player_pool!$Z$2:$Z$2000,"")) | M23: =IF($B23="","",XLOOKUP($B23,player_pool!$A$2:$A$2000,player_pool!$AA$2:$AA$2000,"")) | N23: =IF(OR($B23="",$E23<>"P"),"",XLOOKUP($B23,player_pool!$A$2:$A$2000,player_pool!$AC$2:$AC$2000,"")) | O23: =IF(OR($B23="",$E23<>"P"),"",XLOOKUP($B23,player_pool!$A$2:$A$2000,player_pool!$AD$2:$AD$2000,"")) | P23: =IF(OR($B23="",$E23<>"P"),"",XLOOKUP($B23,player_pool!$A$2:$A$2000,player_pool!$AE$2:$AE$2000,"")) | Q23: =IF(OR($B23="",$E23<>"P"),"",XLOOKUP($B23,player_pool!$A$2:$A$2000,player_pool!$AF$2:$AF$2000,"")) | R23: =IF(OR($B23="",$E23<>"P"),"",XLOOKUP($B23,player_pool!$A$2:$A$2000,player_pool!$AG$2:$AG$2000,"")) | S23: =IF($B23="","",XLOOKUP($B23,player_pool!$A$2:$A$2000,player_pool!$U$2:$U$2000,"")) | T23: =IF(OR($B23="",$E23<>"P"),"",XLOOKUP($B23,player_pool!$A$2:$A$2000,player_pool!$AB$2:$AB$2000,"")) | U23: 0
A24: BN3 | C24: =IF($B24="","",XLOOKUP($B24,player_pool!$A$2:$A$2000,player_pool!$B$2:$B$2000,"")) | D24: =IF($B24="","",XLOOKUP($B24,player_pool!$A$2:$A$2000,player_pool!$C$2:$C$2000,"")) | E24: =IF($B24="","",XLOOKUP($B24,player_pool!$A$2:$A$2000,player_pool!$D$2:$D$2000,"")) | F24: =IF($B24="","",XLOOKUP($B24,player_pool!$A$2:$A$2000,player_pool!$E$2:$E$2000,"")) | G24: =IF($B24="","",XLOOKUP($B24,player_pool!$A$2:$A$2000,player_pool!$G$2:$G$2000,"")) | H24: =IF($B24="","",XLOOKUP($B24,player_pool!$A$2:$A$2000,player_pool!$V$2:$V$2000,"")) | I24: =IF($B24="","",XLOOKUP($B24,player_pool!$A$2:$A$2000,player_pool!$W$2:$W$2000,"")) | J24: =IF($B24="","",XLOOKUP($B24,player_pool!$A$2:$A$2000,player_pool!$X$2:$X$2000,"")) | K24: =IF($B24="","",XLOOKUP($B24,player_pool!$A$2:$A$2000,player_pool!$Y$2:$Y$2000,"")) | L24: =IF($B24="","",XLOOKUP($B24,player_pool!$A$2:$A$2000,player_pool!$Z$2:$Z$2000,"")) | M24: =IF($B24="","",XLOOKUP($B24,player_pool!$A$2:$A$2000,player_pool!$AA$2:$AA$2000,"")) | N24: =IF(OR($B24="",$E24<>"P"),"",XLOOKUP($B24,player_pool!$A$2:$A$2000,player_pool!$AC$2:$AC$2000,"")) | O24: =IF(OR($B24="",$E24<>"P"),"",XLOOKUP($B24,player_pool!$A$2:$A$2000,player_pool!$AD$2:$AD$2000,"")) | P24: =IF(OR($B24="",$E24<>"P"),"",XLOOKUP($B24,player_pool!$A$2:$A$2000,player_pool!$AE$2:$AE$2000,"")) | Q24: =IF(OR($B24="",$E24<>"P"),"",XLOOKUP($B24,player_pool!$A$2:$A$2000,player_pool!$AF$2:$AF$2000,"")) | R24: =IF(OR($B24="",$E24<>"P"),"",XLOOKUP($B24,player_pool!$A$2:$A$2000,player_pool!$AG$2:$AG$2000,"")) | S24: =IF($B24="","",XLOOKUP($B24,player_pool!$A$2:$A$2000,player_pool!$U$2:$U$2000,"")) | T24: =IF(OR($B24="",$E24<>"P"),"",XLOOKUP($B24,player_pool!$A$2:$A$2000,player_pool!$AB$2:$AB$2000,"")) | U24: 0
